Date,Year,Month,Average_Relative_Humidity,Rainfall,Temperature,Export_Value,Total_Export_Volume,Exchange_Rate,Robusta_Kiboko_Price,Export_Price_Robusta
1992-01-01,1992,1,66.16,35.03382,23.3,8.71,171101.0,970.0,224.0,0.81
1992-02-01,1992,2,66.89,49.64767,23.8,8.71,171101.0,985.48,207.0,0.81
1992-03-01,1992,3,70.99,54.33682,24.2,8.71,171101.0,1160.08,247.0,0.81
1992-04-01,1992,4,71.59,119.0856,23.7,8.71,171101.0,1158.91,235.0,0.81
1992-05-01,1992,5,62.59,125.3133,22.8,8.71,171101.0,1164.94,217.0,0.81
1992-06-01,1992,6,59.61,108.6029,22.1,8.71,171101.0,1166.06,251.0,0.81
1992-07-01,1992,7,52.31,107.312,22.3,8.71,171101.0,1177.86,210.0,0.81
1992-08-01,1992,8,64.18,41.881,22.3,8.71,171101.0,1185.29,220.0,0.81
1992-09-01,1992,9,65.86,126.1728,23.2,8.71,171101.0,1185.15,215.0,0.81
1992-10-01,1992,10,67.15,140.0685,23.5,8.71,171101.0,1181.07,225.0,0.81
1992-11-01,1992,11,68.28,181.3497,23.2,8.71,171101.0,1196.34,250.0,0.81
1992-12-01,1992,12,67.78,140.5184,23.8,8.71,171101.0,1213.93,300.0,0.81
1993-01-01,1993,1,63.38,68.11752,24.3,9.06,174054.0,1217.12,300.0,0.82
1993-02-01,1993,2,66.46,88.01113,24.7,9.06,174054.0,1217.09,270.0,0.82
1993-03-01,1993,3,67.35,127.4345,24.5,9.06,174054.0,1217.52,280.0,0.82
1993-04-01,1993,4,75.78,171.4105,23.3,9.06,174054.0,1218.09,270.0,0.82
1993-05-01,1993,5,69.36,151.461,22.7,9.06,174054.0,1213.27,275.0,0.82
1993-06-01,1993,6,63.26,49.86246,22.5,9.06,174054.0,1199.09,270.0,0.82
1993-07-01,1993,7,50.11,27.89451,21.4,9.06,174054.0,1197.57,300.0,0.82
1993-08-01,1993,8,50.41,63.33907,22.1,9.06,174054.0,1196.65,320.0,0.82
1993-09-01,1993,9,57.84,117.9563,22.0,9.06,174054.0,1181.99,350.0,0.82
1993-10-01,1993,10,71.17,76.55813,22.8,9.06,174054.0,1170.84,350.0,0.82
1993-11-01,1993,11,74.72,148.0802,22.5,9.06,174054.0,1165.01,325.0,0.82
1993-12-01,1993,12,75.39,101.0854,22.4,9.06,174054.0,1146.0,400.0,0.82
1994-01-01,1994,1,70.28,59.93845,22.3,22.81,250434.0,1112.71,500.0,1.3
1994-02-01,1994,2,65.63,88.70426,22.6,22.81,250434.0,1047.22,600.0,1.3
1994-03-01,1994,3,69.65,169.61,23.4,22.81,250434.0,1079.22,650.0,1.3
1994-04-01,1994,4,78.74,187.3833,22.2,22.81,250434.0,1007.03,650.0,1.3
1994-05-01,1994,5,63.9,215.9971,21.7,22.81,250434.0,965.71,700.0,1.3
1994-06-01,1994,6,54.54,86.93786,21.5,22.81,250434.0,962.59,650.0,1.3
1994-07-01,1994,7,50.01,104.9846,21.5,22.81,250434.0,967.07,950.0,1.3
1994-08-01,1994,8,43.89,121.3022,22.0,22.81,250434.0,921.38,1100.0,1.3
1994-09-01,1994,9,56.34,139.5468,22.0,22.81,250434.0,920.79,1000.0,1.3
1994-10-01,1994,10,60.26,131.8231,22.8,22.81,250434.0,919.78,750.0,1.3
1994-11-01,1994,11,70.07,281.5123,22.7,22.81,250434.0,920.14,825.0,1.3
1994-12-01,1994,12,64.73,129.9981,22.6,22.81,250434.0,929.75,800.0,1.3
1995-01-01,1995,1,60.57,27.14896,23.0,36.04,232646.0,925.04,850.0,2.47
1995-02-01,1995,2,72.39,91.49809,23.8,36.04,232646.0,925.53,900.0,2.47
1995-03-01,1995,3,70.55,180.6191,23.2,36.04,232646.0,927.04,800.0,2.47
1995-04-01,1995,4,69.91,273.3623,23.1,36.04,232646.0,928.83,775.0,2.47
1995-05-01,1995,5,65.36,170.3977,23.0,36.04,232646.0,941.02,825.0,2.47
1995-06-01,1995,6,54.42,54.17759,22.4,36.04,232646.0,964.81,900.0,2.47
1995-07-01,1995,7,53.44,114.4236,21.8,36.04,232646.0,968.93,950.0,2.47
1995-08-01,1995,8,58.85,25.01608,22.1,36.04,232646.0,970.03,900.0,2.47
1995-09-01,1995,9,62.58,173.7997,22.4,36.04,232646.0,977.7,750.0,2.47
1995-10-01,1995,10,69.81,245.805,23.0,36.04,232646.0,1043.38,725.0,2.47
1995-11-01,1995,11,72.17,148.1049,23.0,36.04,232646.0,1028.3,825.0,2.47
1995-12-01,1995,12,67.36,73.80991,23.1,36.04,232646.0,1023.25,718.0,2.47
1996-01-01,1996,1,72.83,162.7694,23.2,32.5,345734.0,1017.72,600.0,1.53
1996-02-01,1996,2,71.49,163.683,24.1,32.5,345734.0,1022.37,700.0,1.53
1996-03-01,1996,3,70.16,214.612,24.3,32.5,345734.0,1016.6,700.0,1.53
1996-04-01,1996,4,76.31,164.9203,23.1,32.5,345734.0,1013.56,650.0,1.53
1996-05-01,1996,5,67.15,171.7828,22.6,32.5,345734.0,1018.0,600.0,1.53
1996-06-01,1996,6,55.51,111.9152,22.3,32.5,345734.0,1041.36,550.0,1.53
1996-07-01,1996,7,50.08,86.97577,21.5,32.5,345734.0,1055.44,500.0,1.53
1996-08-01,1996,8,58.94,106.0924,21.7,32.5,345734.0,1067.44,450.0,1.53
1996-09-01,1996,9,60.34,198.1356,22.0,32.5,345734.0,1074.97,500.0,1.53
1996-10-01,1996,10,68.45,105.4201,23.0,32.5,345734.0,1105.05,450.0,1.53
1996-11-01,1996,11,69.98,275.6524,22.4,32.5,345734.0,1081.48,400.0,1.53
1996-12-01,1996,12,74.24,90.37079,22.7,32.5,345734.0,1030.35,350.0,1.53
1997-01-01,1997,1,70.13,149.746,23.1,29.59,353093.0,1044.85,550.0,1.27
1997-02-01,1997,2,68.12,16.62927,24.2,29.59,353093.0,1033.11,650.0,1.27
1997-03-01,1997,3,68.91,123.4272,24.1,29.59,353093.0,1024.95,600.0,1.27
1997-04-01,1997,4,71.56,295.2634,23.6,29.59,353093.0,1046.46,700.0,1.27
1997-05-01,1997,5,74.38,84.49098,22.6,29.59,353093.0,1065.3,800.0,1.27
1997-06-01,1997,6,68.28,63.12064,22.3,29.59,353093.0,1067.59,625.0,1.27
1997-07-01,1997,7,56.99,76.86362,21.4,29.59,353093.0,1068.02,600.0,1.27
1997-08-01,1997,8,56.22,103.7909,21.4,29.59,353093.0,1098.17,550.0,1.27
1997-09-01,1997,9,64.58,96.08696,22.0,29.59,353093.0,1117.12,600.0,1.27
1997-10-01,1997,10,74.5,203.0873,22.7,29.59,353093.0,1140.4,550.0,1.27
1997-11-01,1997,11,72.83,498.109,22.4,29.59,353093.0,1147.19,600.0,1.27
1997-12-01,1997,12,74.67,341.6729,22.7,29.59,353093.0,1142.94,650.0,1.27
1998-01-01,1998,1,72.93,187.4781,22.7,23.04,252695.0,1148.07,725.0,1.41
1998-02-01,1998,2,69.74,110.4329,23.3,23.04,252695.0,1152.52,750.0,1.41
1998-03-01,1998,3,73.15,212.9085,23.3,23.04,252695.0,1152.39,780.0,1.41
1998-04-01,1998,4,72.62,248.174,23.4,23.04,252695.0,1174.51,860.0,1.41
1998-05-01,1998,5,63.17,125.5296,22.5,23.04,252695.0,1223.48,845.0,1.41
1998-06-01,1998,6,59.8,47.94849,22.4,23.04,252695.0,1231.02,725.0,1.41
1998-07-01,1998,7,58.45,28.83196,21.8,23.04,252695.0,1235.02,650.0,1.41
1998-08-01,1998,8,55.81,93.55323,22.4,23.04,252695.0,1244.37,700.0,1.41
1998-09-01,1998,9,62.99,129.051,22.0,23.04,252695.0,1284.84,750.0,1.41
1998-10-01,1998,10,70.45,87.20749,22.2,23.04,252695.0,1314.19,600.0,1.41
1998-11-01,1998,11,72.24,196.4363,24.2,23.04,252695.0,1353.82,620.0,1.41
1998-12-01,1998,12,69.38,38.85558,22.7,23.04,252695.0,1368.44,600.0,1.41
1999-01-01,1999,1,70.18,144.0286,23.3,23.58,303999.0,1369.21,630.0,1.26
1999-02-01,1999,2,67.98,63.00804,23.9,23.58,303999.0,1377.35,650.0,1.26
1999-03-01,1999,3,70.31,286.7776,24.0,23.58,303999.0,1381.16,615.0,1.26
1999-04-01,1999,4,72.52,248.3843,23.0,23.58,303999.0,1449.73,625.0,1.26
1999-05-01,1999,5,68.34,204.1646,22.6,23.58,303999.0,1518.97,575.0,1.26
1999-06-01,1999,6,55.61,36.14112,22.1,23.58,303999.0,1447.22,500.0,1.26
1999-07-01,1999,7,52.75,61.20642,21.3,23.58,303999.0,1454.51,575.0,1.26
1999-08-01,1999,8,56.76,114.5619,22.1,23.58,303999.0,1463.4,710.0,1.26
1999-09-01,1999,9,64.47,182.2268,22.4,23.58,303999.0,1491.67,700.0,1.26
1999-10-01,1999,10,69.42,188.2363,22.9,23.58,303999.0,1507.8,625.0,1.26
1999-11-01,1999,11,68.44,225.3031,22.4,23.58,303999.0,1503.54,625.0,1.26
1999-12-01,1999,12,70.04,181.3551,22.7,23.58,303999.0,1502.47,600.0,1.26
2000-01-01,2000,1,64.64,27.48537,23.2,13.73,243105.0,1525.75,525.0,0.85
2000-02-01,2000,2,71.39,56.34506,24.0,13.73,243105.0,1519.43,600.0,0.85
2000-03-01,2000,3,68.69,119.6466,23.9,13.73,243105.0,1513.68,400.0,0.85
2000-04-01,2000,4,72.32,161.8061,23.9,13.73,243105.0,1525.86,350.0,0.85
2000-05-01,2000,5,66.73,120.3811,22.8,13.73,243105.0,1579.67,350.0,0.85
2000-06-01,2000,6,56.38,56.9806,22.7,13.73,243105.0,1565.57,375.0,0.85
2000-07-01,2000,7,53.07,53.00047,21.8,13.73,243105.0,1596.42,425.0,0.85
2000-08-01,2000,8,60.84,101.0278,22.6,13.73,243105.0,1676.3,375.0,0.85
2000-09-01,2000,9,67.82,106.3567,22.5,13.73,243105.0,1770.51,425.0,0.85
2000-10-01,2000,10,60.75,151.5807,23.1,13.73,243105.0,1826.59,300.0,0.85
2000-11-01,2000,11,74.85,192.9996,23.4,13.73,243105.0,1850.26,300.0,0.85
2000-12-01,2000,12,72.27,141.8491,23.3,13.73,243105.0,1783.67,300.0,0.85
2001-01-01,2001,1,66.7,111.4819,24.1,8.73,256231.0,1830.44,325.0,0.51
2001-02-01,2001,2,68.36,87.13971,24.2,8.73,256231.0,1742.97,300.0,0.51
2001-03-01,2001,3,74.28,164.7678,24.0,8.73,256231.0,1753.79,325.0,0.51
2001-04-01,2001,4,72.66,226.1655,23.0,8.73,256231.0,1773.82,265.0,0.51
2001-05-01,2001,5,61.69,189.1349,22.7,8.73,256231.0,1782.68,280.0,0.51
2001-06-01,2001,6,59.11,81.71742,22.2,8.73,256231.0,1767.64,265.0,0.51
2001-07-01,2001,7,47.3,81.00552,21.7,8.73,256231.0,1725.74,200.0,0.51
2001-08-01,2001,8,49.83,122.6762,21.8,8.73,256231.0,1750.61,150.0,0.51
2001-09-01,2001,9,68.86,208.0298,22.1,8.73,256231.0,1752.9,150.0,0.51
2001-10-01,2001,10,66.2,219.7489,22.7,8.73,256231.0,1737.69,165.0,0.51
2001-11-01,2001,11,78.85,255.6524,22.9,8.73,256231.0,1736.22,165.0,0.51
2001-12-01,2001,12,74.21,89.74838,22.6,8.73,256231.0,1713.41,165.0,0.51
2002-01-01,2002,1,71.54,136.7197,23.9,6.99,262198.0,1738.74,190.0,0.4
2002-02-01,2002,2,69.67,67.29881,23.8,6.99,262198.0,1741.44,240.0,0.4
2002-03-01,2002,3,67.57,212.3657,24.2,6.99,262198.0,1771.03,200.0,0.4
2002-04-01,2002,4,74.98,277.405,22.9,6.99,262198.0,1792.19,325.0,0.4
2002-05-01,2002,5,63.35,96.1952,22.6,6.99,262198.0,1797.59,330.0,0.4
2002-06-01,2002,6,53.1,56.48021,22.4,6.99,262198.0,1797.17,310.0,0.4
2002-07-01,2002,7,54.18,28.25857,22.0,6.99,262198.0,1802.83,300.0,0.4
2002-08-01,2002,8,52.58,38.50067,21.7,6.99,262198.0,1805.83,255.0,0.4
2002-09-01,2002,9,56.22,72.07749,23.0,6.99,262198.0,1812.64,300.0,0.4
2002-10-01,2002,10,66.99,114.1408,23.2,6.99,262198.0,1827.2,280.0,0.4
2002-11-01,2002,11,74.31,341.8991,22.2,6.99,262198.0,1832.32,525.0,0.4
2002-12-01,2002,12,72.0,182.8959,23.0,6.99,262198.0,1845.01,550.0,0.4
2003-01-01,2003,1,63.19,78.71955,23.9,8.73,221991.0,1867.69,600.0,0.61
2003-02-01,2003,2,63.91,52.76048,24.3,8.73,221991.0,1883.78,530.0,0.61
2003-03-01,2003,3,63.87,146.7835,24.5,8.73,221991.0,1944.45,600.0,0.61
2003-04-01,2003,4,72.27,179.0013,23.3,8.73,221991.0,1976.53,600.0,0.61
2003-05-01,2003,5,65.27,156.4316,22.3,8.73,221991.0,1997.85,575.0,0.61
2003-06-01,2003,6,59.96,108.276,22.3,8.73,221991.0,1998.23,500.0,0.61
2003-07-01,2003,7,48.22,105.5043,21.9,8.73,221991.0,1995.28,500.0,0.61
2003-08-01,2003,8,47.49,129.6286,21.9,8.73,221991.0,1998.49,537.0,0.61
2003-09-01,2003,9,53.16,87.46956,22.5,8.73,221991.0,1993.55,525.0,0.61
2003-10-01,2003,10,68.72,176.8496,23.4,8.73,221991.0,1990.73,525.0,0.61
2003-11-01,2003,11,71.06,188.0626,23.0,8.73,221991.0,1974.49,425.0,0.61
2003-12-01,2003,12,69.99,192.6629,23.0,8.73,221991.0,1943.16,500.0,0.61
2004-01-01,2004,1,67.81,132.9757,23.8,9.64,210254.0,1938.16,600.0,0.7
2004-02-01,2004,2,64.95,76.20211,24.9,9.64,210254.0,1865.06,500.0,0.7
2004-03-01,2004,3,66.14,158.2904,24.2,9.64,210254.0,1926.65,600.0,0.7
2004-04-01,2004,4,75.15,243.8479,23.4,9.64,210254.0,1918.78,575.0,0.7
2004-05-01,2004,5,60.09,59.55559,22.9,9.64,210254.0,1855.53,500.0,0.7
2004-06-01,2004,6,50.96,41.64307,22.2,9.64,210254.0,1818.66,500.0,0.7
2004-07-01,2004,7,48.09,42.72045,21.8,9.64,210254.0,1748.26,450.0,0.7
2004-08-01,2004,8,42.79,87.00253,21.8,9.64,210254.0,1731.52,430.0,0.7
2004-09-01,2004,9,52.75,159.0972,22.4,9.64,210254.0,1721.17,425.0,0.7
2004-10-01,2004,10,57.01,159.7481,22.4,9.64,210254.0,1735.44,375.0,0.7
2004-11-01,2004,11,66.35,224.8978,22.6,9.64,210254.0,1730.89,375.0,0.7
2004-12-01,2004,12,61.94,170.5561,22.9,9.64,210254.0,1739.14,475.0,0.7
2005-01-01,2005,1,59.3,40.2355,23.2,13.51,208741.0,1732.01,450.0,0.89
2005-02-01,2005,2,68.69,41.94835,23.8,13.51,208741.0,1711.07,525.0,0.89
2005-03-01,2005,3,68.01,146.2406,24.2,13.51,208741.0,1711.23,620.0,0.89
2005-04-01,2005,4,66.49,196.1309,24.0,13.51,208741.0,1777.68,675.0,0.89
2005-05-01,2005,5,62.3,216.7901,23.7,13.51,208741.0,1775.62,850.0,0.89
2005-06-01,2005,6,51.4,27.52917,22.1,13.51,208741.0,1738.32,850.0,0.89
2005-07-01,2005,7,51.33,117.925,22.5,13.51,208741.0,1752.12,850.0,0.89
2005-08-01,2005,8,54.79,136.8899,22.9,13.51,208741.0,1814.86,650.0,0.89
2005-09-01,2005,9,56.92,124.7696,22.2,13.51,208741.0,1847.61,600.0,0.89
2005-10-01,2005,10,65.73,145.2473,22.6,13.51,208741.0,1856.8,775.0,0.89
2005-11-01,2005,11,68.28,130.8778,23.9,13.51,208741.0,1834.54,975.0,0.89
2005-12-01,2005,12,65.03,27.09867,22.8,13.51,208741.0,1816.13,1000.0,0.89
2006-01-01,2006,1,71.02,71.19775,23.8,14.19,166860.0,1819.12,1000.0,1.23
2006-02-01,2006,2,68.11,119.5442,24.5,14.19,166860.0,1815.84,900.0,1.23
2006-03-01,2006,3,65.32,135.1831,24.8,14.19,166860.0,1820.94,675.0,1.23
2006-04-01,2006,4,70.88,173.0334,24.0,14.19,166860.0,1827.48,700.0,1.23
2006-05-01,2006,5,64.05,144.4257,23.5,14.19,166860.0,1836.34,700.0,1.23
2006-06-01,2006,6,53.29,53.71326,22.1,14.19,166860.0,1859.95,850.0,1.23
2006-07-01,2006,7,47.28,87.06343,22.2,14.19,166860.0,1857.72,700.0,1.23
2006-08-01,2006,8,55.79,104.8186,22.6,14.19,166860.0,1847.74,850.0,1.23
2006-09-01,2006,9,55.99,80.47618,23.0,14.19,166860.0,1854.68,850.0,1.23
2006-10-01,2006,10,64.19,114.4511,23.3,14.19,166860.0,1843.43,1025.0,1.23
2006-11-01,2006,11,67.29,332.7368,23.0,14.19,166860.0,1818.85,950.0,1.23
2006-12-01,2006,12,71.77,157.3521,23.4,14.19,166860.0,1775.33,950.0,1.23
2007-01-01,2007,1,66.77,110.6879,24.1,21.38,225353.0,1792.28,1025.0,1.5
2007-02-01,2007,2,64.84,119.9375,24.5,21.38,225353.0,1751.68,1000.0,1.5
2007-03-01,2007,3,65.42,95.90632,24.9,21.38,225353.0,1750.68,1000.0,1.5
2007-04-01,2007,4,67.43,156.3075,24.3,21.38,225353.0,1728.89,850.0,1.5
2007-05-01,2007,5,70.55,126.6768,23.7,21.38,225353.0,1695.15,900.0,1.5
2007-06-01,2007,6,63.89,126.7178,22.9,21.38,225353.0,1643.57,1000.0,1.5
2007-07-01,2007,7,53.66,99.57252,22.1,21.38,225353.0,1652.87,1200.0,1.5
2007-08-01,2007,8,52.55,115.9351,23.0,21.38,225353.0,1737.43,1100.0,1.5
2007-09-01,2007,9,59.26,141.2197,23.5,21.38,225353.0,1762.83,1100.0,1.5
2007-10-01,2007,10,71.72,164.1392,23.4,21.38,225353.0,1747.17,1200.0,1.5
2007-11-01,2007,11,67.79,187.2994,23.7,21.38,225353.0,1707.73,1250.0,1.5
2007-12-01,2007,12,72.1,80.15691,24.0,21.38,225353.0,1711.61,1200.0,1.5
2008-01-01,2008,1,68.94,117.9126,23.9,32.37,267550.0,1710.59,1250.0,1.94
2008-02-01,2008,2,66.23,98.90068,24.5,32.37,267550.0,1707.83,1530.0,1.94
2008-03-01,2008,3,68.04,257.4236,25.1,32.37,267550.0,1684.26,1275.0,1.94
2008-04-01,2008,4,69.47,241.5414,24.6,32.37,267550.0,1686.68,1375.0,1.94
2008-05-01,2008,5,60.23,119.5332,23.8,32.37,267550.0,1647.68,1275.0,1.94
2008-06-01,2008,6,56.25,56.60828,22.8,32.37,267550.0,1600.74,1375.0,1.94
2008-07-01,2008,7,54.52,94.58937,22.9,32.37,267550.0,1633.94,1300.0,1.94
2008-08-01,2008,8,52.35,76.75392,22.1,32.37,267550.0,1623.62,1350.0,1.94
2008-09-01,2008,9,58.19,141.8462,23.0,32.37,267550.0,1645.01,1275.0,1.94
2008-10-01,2008,10,65.61,139.0499,23.1,32.37,267550.0,1838.66,975.0,1.94
2008-11-01,2008,11,68.3,111.1343,23.7,32.37,267550.0,1910.13,1025.0,1.94
2008-12-01,2008,12,65.75,80.52388,23.5,32.37,267550.0,1956.19,1000.0,1.94
2009-01-01,2009,1,67.48,114.7534,25.3,24.31,254474.0,1975.97,1180.0,1.47
2009-02-01,2009,2,65.01,118.0102,24.9,24.31,254474.0,1964.83,1350.0,1.47
2009-03-01,2009,3,66.67,82.87821,24.2,24.31,254474.0,2051.55,1000.0,1.47
2009-04-01,2009,4,69.47,160.2423,23.4,24.31,254474.0,2175.61,1050.0,1.47
2009-05-01,2009,5,65.84,166.141,23.5,24.31,254474.0,2247.68,1100.0,1.47
2009-06-01,2009,6,53.45,44.28545,22.9,24.31,254474.0,2137.18,950.0,1.47
2009-07-01,2009,7,49.76,35.00368,22.6,24.31,254474.0,2110.77,950.0,1.47
2009-08-01,2009,8,53.49,53.74395,23.0,24.31,254474.0,2071.67,900.0,1.47
2009-09-01,2009,9,60.33,115.8636,22.6,24.31,254474.0,1961.9,800.0,1.47
2009-10-01,2009,10,64.02,129.2282,23.0,24.31,254474.0,1898.28,1050.0,1.47
2009-11-01,2009,11,64.71,219.7342,23.4,24.31,254474.0,1873.78,1000.0,1.47
2009-12-01,2009,12,66.48,131.5296,23.5,24.31,254474.0,1896.64,850.0,1.47
2010-01-01,2010,1,62.96,42.85197,23.4,25.4,265455.0,1935.63,1150.0,1.39
2010-02-01,2010,2,71.02,188.4022,25.7,22.23,268510.0,1996.54,1150.0,1.39
2010-03-01,2010,3,65.99,199.601,25.2,22.23,228262.0,2086.37,1100.0,1.39
2010-04-01,2010,4,68.36,240.377,24.8,22.23,167019.0,2083.0,950.0,1.39
2010-05-01,2010,5,63.9,145.3101,23.0,22.23,211036.0,2174.57,1200.0,1.39
2010-06-01,2010,6,54.26,97.83176,22.7,22.23,254590.0,2257.44,1400.0,1.39
2010-07-01,2010,7,50.09,70.91425,22.0,22.23,286232.0,2257.29,1500.0,1.39
2010-08-01,2010,8,57.31,67.07516,22.6,22.23,236167.0,2230.94,1500.0,1.39
2010-09-01,2010,9,62.85,81.68825,23.4,22.23,202729.0,2251.3,1300.0,1.39
2010-10-01,2010,10,56.95,101.4755,23.1,22.23,226411.0,2264.82,1450.0,1.39
2010-11-01,2010,11,69.82,135.029,23.6,22.23,256705.0,2288.87,1500.0,1.39
2010-12-01,2010,12,69.35,130.2613,22.7,22.23,290760.0,2303.93,1850.0,1.39
2011-01-01,2011,1,64.89,32.65089,25.3,37.41,217414.0,2332.47,1950.0,1.68
2011-02-01,2011,2,66.48,34.90216,25.2,37.41,213113.0,2341.93,1800.0,1.68
2011-03-01,2011,3,71.42,213.1857,24.6,37.41,207177.0,2393.31,1500.0,1.68
2011-04-01,2011,4,69.01,144.4699,23.8,37.41,210091.0,2367.59,1900.0,1.68
2011-05-01,2011,5,60.09,131.1079,22.5,37.41,249594.0,2387.68,2000.0,1.68
2011-06-01,2011,6,55.92,65.67329,22.2,37.41,367100.0,2461.04,1900.0,1.68
2011-07-01,2011,7,45.07,56.89687,22.0,37.41,407225.0,2587.23,2250.0,1.68
2011-08-01,2011,8,48.07,172.4737,22.5,37.41,332132.0,2753.23,2250.0,1.68
2011-09-01,2011,9,63.33,218.3138,22.2,37.41,287772.0,2814.02,2250.0,1.68
2011-10-01,2011,10,62.79,260.8641,23.8,37.41,188941.0,2805.37,2250.0,1.68
2011-11-01,2011,11,76.13,310.896,23.4,37.41,281800.0,2582.18,2100.0,1.68
2011-12-01,2011,12,69.0,112.285,23.2,37.41,275739.0,2446.91,2100.0,1.68
2012-01-01,2012,1,70.49,24.34509,23.8,32.73,228522.0,2414.19,1900.0,1.96
2012-02-01,2012,2,66.21,89.7722,24.5,32.73,255027.0,2327.97,1900.0,1.96
2012-03-01,2012,3,64.02,120.5311,25.1,32.73,191763.0,2485.02,1500.0,1.96
2012-04-01,2012,4,70.88,142.5312,24.1,32.73,147022.0,2506.21,1600.0,1.96
2012-05-01,2012,5,60.58,132.5125,23.8,32.73,285360.0,2479.05,1500.0,1.96
2012-06-01,2012,6,50.34,121.763,22.2,32.73,382294.0,2484.36,1500.0,1.96
2012-07-01,2012,7,51.53,79.88626,21.8,32.73,399289.0,2474.18,1750.0,1.96
2012-08-01,2012,8,49.82,127.5757,22.2,32.73,340228.0,2492.04,2000.0,1.96
2012-09-01,2012,9,52.68,108.0119,22.9,32.73,265294.0,2515.88,2000.0,1.96
2012-10-01,2012,10,62.5,167.0288,23.3,32.73,205390.0,2579.43,2150.0,1.96
2012-11-01,2012,11,70.22,272.9097,23.4,32.73,225024.0,2622.95,2250.0,1.96
2012-12-01,2012,12,67.36,236.3885,23.9,32.73,239250.0,2673.48,2100.0,1.96
2013-01-01,2013,1,46.44,67.84558,25.0,36.06,298552.0,2683.79,1800.0,1.9
2013-02-01,2013,2,48.2,99.81623,24.2,36.06,298552.0,2657.55,2000.0,1.9
2013-03-01,2013,3,53.37,252.8268,24.5,36.06,298552.0,2636.89,2250.0,1.9
2013-04-01,2013,4,58.84,171.2875,23.3,36.06,298552.0,2578.01,2230.0,1.9
2013-05-01,2013,5,48.83,139.0157,22.8,36.06,298552.0,2586.11,2250.0,1.9
2013-06-01,2013,6,42.09,51.52605,22.2,36.06,298552.0,2593.08,1900.0,1.9
2013-07-01,2013,7,32.39,30.5711,22.3,36.06,298552.0,2588.9,1900.0,1.9
2013-08-01,2013,8,40.3,132.1491,23.0,36.06,298552.0,2578.87,1900.0,1.9
2013-09-01,2013,9,46.14,172.5118,23.6,36.06,298552.0,2568.86,1900.0,1.9
2013-10-01,2013,10,50.89,129.2531,23.1,36.06,298552.0,2534.39,1400.0,1.9
2013-11-01,2013,11,55.88,159.8597,23.2,36.06,298552.0,2523.27,1400.0,1.9
2013-12-01,2013,12,48.46,106.1514,23.0,36.06,298552.0,2512.94,1250.0,1.9
2014-01-01,2014,1,43.11,42.49818,24.8,32.83,310149.0,2499.9,1400.0,1.74
2014-02-01,2014,2,49.16,38.16701,24.6,32.83,290475.0,2471.96,1550.0,1.74
2014-03-01,2014,3,52.76,141.6758,25.0,32.83,310773.0,2534.22,1600.0,1.74
2014-04-01,2014,4,63.19,251.3957,24.3,32.83,264065.0,2529.79,1700.0,1.74
2014-05-01,2014,5,58.37,175.9867,23.6,32.83,262604.0,2532.39,1350.0,1.74
2014-06-01,2014,6,42.86,112.0789,23.0,32.83,333943.0,2580.86,1600.0,1.74
2014-07-01,2014,7,34.1,44.22921,22.5,32.83,314304.0,2633.52,2150.0,1.74
2014-08-01,2014,8,31.59,115.0893,23.4,32.83,268033.0,2612.5,2100.0,1.74
2014-09-01,2014,9,39.42,201.664,23.5,32.83,207923.0,2618.8,2350.0,1.74
2014-10-01,2014,10,56.98,230.7307,23.6,32.83,229442.0,2680.51,2350.0,1.74
2014-11-01,2014,11,58.93,219.2434,23.9,32.83,219948.0,2734.22,2150.0,1.74
2014-12-01,2014,12,54.51,88.11836,24.7,32.83,224803.0,2768.79,2100.0,1.74
2015-01-01,2015,1,54.09,7.503283,24.3,34.21,334727.0,2860.71,2100.0,1.48
2015-02-01,2015,2,46.38,49.14911,25.0,34.21,271941.0,2868.85,2100.0,1.43
2015-03-01,2015,3,52.43,156.372,24.7,34.21,247798.0,2951.74,1900.0,1.37
2015-04-01,2015,4,66.65,224.53,24.7,34.21,326793.0,2995.58,2100.0,1.44
2015-05-01,2015,5,49.73,124.4446,23.5,34.21,285945.0,3007.6,2200.0,1.49
2015-06-01,2015,6,38.99,124.5141,22.6,34.21,265650.0,3199.9,2250.0,1.54
2015-07-01,2015,7,31.77,48.63834,22.5,34.21,402721.0,3360.09,2200.0,1.67
2015-08-01,2015,8,29.48,76.77208,22.9,34.21,320247.0,3548.25,2200.0,1.63
2015-09-01,2015,9,36.17,78.8049,23.1,34.21,286322.0,3667.5,2150.0,1.62
2015-10-01,2015,10,45.11,232.8052,23.7,34.21,223858.0,3636.02,2350.0,1.61
2015-11-01,2015,11,57.07,334.6217,23.7,34.21,248921.0,3429.0,2350.0,1.57
2015-12-01,2015,12,51.65,177.9175,24.2,34.21,342429.0,3362.49,2150.0,1.52
2016-01-01,2016,1,41.2,94.49416,24.9,29.29,404673.0,3451.21,2370.0,1.86
2016-02-01,2016,2,52.71,70.14979,24.5,29.29,396523.0,3435.11,2370.0,1.91
2016-03-01,2016,3,56.01,100.7639,24.7,29.29,409916.0,3365.5,2370.0,1.93
2016-04-01,2016,4,60.96,308.5189,24.6,29.29,325566.0,3343.57,2370.0,1.92
2016-05-01,2016,5,55.09,143.4434,23.9,29.29,408565.0,3348.92,2370.0,1.84
2016-06-01,2016,6,38.94,39.95881,22.8,29.29,430565.0,3367.99,2370.0,2.29
2016-07-01,2016,7,32.36,70.89701,22.5,29.29,268150.0,3379.29,2300.0,1.59
2016-08-01,2016,8,36.05,87.12994,22.2,29.29,291059.0,3373.54,2200.0,1.68
2016-09-01,2016,9,42.07,118.108,22.8,29.29,208956.0,3381.41,2200.0,1.7
2016-10-01,2016,10,50.19,52.45906,22.5,29.29,209144.0,3435.85,2300.0,1.75
2016-11-01,2016,11,56.25,204.7381,22.7,29.29,407693.0,3560.62,2250.0,1.89
2016-12-01,2016,12,52.04,56.26269,22.3,29.29,425241.0,3598.17,2600.0,1.83
2017-01-01,2017,1,51.6,18.66439,23.6,40.82,404673.0,3609.48,2600.0,1.83
2017-02-01,2017,2,48.23,147.2915,24.6,40.82,396523.0,3585.35,2650.0,1.83
2017-03-01,2017,3,55.75,154.1375,24.1,40.82,409916.0,3599.01,2500.0,1.83
2017-04-01,2017,4,64.28,165.9251,23.3,40.82,326232.0,3618.7,2400.0,1.83
2017-05-01,2017,5,56.1,103.7012,22.5,47.47,408454.0,3623.61,2300.0,1.83
2017-06-01,2017,6,40.76,36.57524,22.6,40.82,348828.0,3591.1,2100.0,1.83
2017-07-01,2017,7,36.66,107.7764,21.7,40.82,348828.0,3601.53,2370.0,1.83
2017-08-01,2017,8,41.34,80.17997,22.2,40.82,348828.0,3606.03,2370.0,1.83
2017-09-01,2017,9,41.45,148.9439,22.7,40.82,348828.0,3599.87,2370.0,1.83
2017-10-01,2017,10,52.17,107.563,23.2,40.82,348828.0,3637.91,2370.0,1.83
2017-11-01,2017,11,56.71,261.2267,23.0,40.82,348828.0,3638.85,2370.0,1.83
2017-12-01,2017,12,56.84,38.03057,22.3,40.82,348828.0,3623.26,2370.0,1.83
2018-01-01,2018,1,48.13,41.36493,24.7,41.0,392500.0,3640.05,2100.0,1.75
2018-02-01,2018,2,48.69,126.9756,24.2,41.0,392500.0,3637.56,2100.0,1.75
2018-03-01,2018,3,49.57,241.3745,24.3,41.0,392500.0,3660.12,2100.0,1.75
2018-04-01,2018,4,56.77,234.0699,23.8,41.0,392500.0,3697.24,2100.0,1.75
2018-05-01,2018,5,61.77,102.1936,22.9,41.0,392500.0,3726.84,2100.0,1.75
2018-06-01,2018,6,45.09,78.61504,21.9,41.0,392500.0,3840.48,2100.0,1.75
2018-07-01,2018,7,35.9,41.81772,21.9,41.0,392500.0,3760.44,2100.0,1.75
2018-08-01,2018,8,35.36,116.2978,22.1,41.0,392500.0,3729.53,2100.0,1.75
2018-09-01,2018,9,43.18,56.51821,22.6,41.0,392500.0,3800.68,2100.0,1.75
2018-10-01,2018,10,60.08,139.0651,23.1,41.0,392500.0,3777.98,2100.0,1.75
2018-11-01,2018,11,56.5,171.72,23.6,41.0,392500.0,3739.77,2100.0,1.75
2018-12-01,2018,12,59.25,174.6964,22.8,41.0,392500.0,3714.13,2100.0,1.75
2019-01-01,2019,1,64.91,78.40453,23.7,34.58,469663.0,3702.43,2073.0,1.57
2019-02-01,2019,2,54.69,126.5272,24.3,34.58,473328.0,3672.89,2057.0,1.57
2019-03-01,2019,3,56.39,78.39532,24.3,34.58,480961.0,3706.19,2075.0,1.57
2019-04-01,2019,4,63.11,189.782,22.8,34.58,360293.0,3736.98,2093.0,1.57
2019-05-01,2019,5,53.41,238.0616,22.9,34.58,437597.0,3765.63,2109.0,1.57
2019-06-01,2019,6,43.65,133.472,22.9,34.58,420563.0,3728.99,2088.0,1.57
2019-07-01,2019,7,36.93,97.33581,22.5,34.58,463709.0,3696.49,2070.0,1.57
2019-08-01,2019,8,34.25,127.6046,22.4,34.58,488864.0,3693.73,2068.0,1.57
2019-09-01,2019,9,38.48,106.8347,22.3,34.58,362219.0,3675.5,2058.0,1.57
2019-10-01,2019,10,51.21,308.0876,22.8,34.58,378931.0,3695.84,2058.0,1.57
2019-11-01,2019,11,59.21,264.9798,23.1,34.58,439505.0,3697.44,2070.0,1.57
2019-12-01,2019,12,52.26,288.3552,22.8,34.58,330248.0,3676.73,2059.0,1.57
2020-01-01,2020,1,55.55,97.86871,23.1,48.19,469951.0,3680.79,2150.0,1.52
2020-02-01,2020,2,52.42,194.4061,23.9,46.73,472994.0,3676.85,2150.0,1.49
2020-03-01,2020,3,54.48,354.7615,23.8,45.87,477561.0,3772.91,2000.0,1.43
2020-04-01,2020,4,63.04,207.8,23.1,36.93,359973.0,3785.75,1900.0,1.43
2020-05-01,2020,5,58.44,120.8302,22.7,42.48,437579.0,3791.46,1900.0,1.44
2020-06-01,2020,6,42.43,54.10262,22.6,39.99,420373.0,3737.94,1850.0,1.41
2020-07-01,2020,7,35.62,71.23054,22.0,49.78,543251.0,3703.54,1900.0,1.43
2020-08-01,2020,8,36.45,94.72482,22.4,46.06,519683.0,3677.53,2100.0,1.39
2020-09-01,2020,9,43.74,142.8168,23.0,44.64,506470.0,3695.09,2100.0,1.39
2020-10-01,2020,10,48.42,142.0168,23.9,38.61,428015.0,3719.92,2000.0,1.39
2020-11-01,2020,11,49.6,335.7159,23.1,38.29,430324.0,3710.68,2000.0,1.37
2020-12-01,2020,12,59.13,121.2109,23.4,37.78,422922.0,3666.54,2000.0,1.37
2021-01-01,2021,1,48.74,140.67,24.4,39.73,446560.0,3691.56,1900.0,1.37
2021-02-01,2021,2,57.9,102.3822,24.7,50.55,562763.0,3667.32,1900.0,1.36
2021-03-01,2021,3,55.76,152.1133,25.2,53.52,572839.0,3662.87,2000.0,1.38
2021-04-01,2021,4,61.98,268.9786,24.3,50.02,537538.0,3623.3,2250.0,1.4
2021-05-01,2021,5,55.44,139.5649,23.1,47.16,494050.0,3552.79,2250.0,1.46
2021-06-01,2021,6,44.29,109.0683,22.7,58.56,618388.0,3540.35,2250.0,1.48
2021-07-01,2021,7,36.24,42.39708,22.4,69.93,700035.0,3552.31,2250.0,1.59
2021-08-01,2021,8,40.45,78.57159,22.4,75.09,700990.0,3537.04,2650.0,1.71
2021-09-01,2021,9,43.96,138.6157,22.4,66.62,585576.0,3530.63,2650.0,1.84
2021-10-01,2021,10,39.03,151.3184,23.7,61.43,486534.0,3579.94,2650.0,1.93
2021-11-01,2021,11,59.72,123.3238,23.4,71.09,524902.0,3551.52,2750.0,1.96
2021-12-01,2021,12,57.21,109.1057,23.3,75.25,536889.0,3554.99,3100.0,2.63
2022-01-01,2022,1,49.74,54.36834,23.2,61.98,402212.0,3528.83,3100.0,2.12
2022-02-01,2022,2,50.4,166.1478,24.1,72.17,448957.0,3514.51,2950.0,2.17
2022-03-01,2022,3,59.47,98.3445,24.5,80.99,478023.0,3589.84,2750.0,2.26
2022-04-01,2022,4,64.0,227.1627,24.3,70.85,407762.0,3541.46,2750.0,2.26
2022-05-01,2022,5,51.25,169.0193,23.3,73.01,455166.0,3633.07,2600.0,2.25
2022-06-01,2022,6,41.02,28.8829,22.6,83.79,530365.0,3747.38,2600.0,2.29
2022-07-01,2022,7,31.08,44.15952,22.3,83.52,576468.0,3791.59,2250.0,2.46
2022-08-01,2022,8,30.68,122.0666,23.0,71.15,501054.0,3832.45,2700.0,2.2
2022-09-01,2022,9,47.7,182.4922,22.6,71.22,503695.0,3825.33,2700.0,2.23
2022-10-01,2022,10,53.1,99.93818,23.9,67.1,457244.0,3822.27,2600.0,2.23
2022-11-01,2022,11,67.28,279.2714,23.0,64.1,447162.0,3760.23,2400.0,2.07
2022-12-01,2022,12,54.86,244.2282,23.0,39.54,418829.0,3690.86,2450.0,2.04
2023-01-01,2023,1,59.03,31.28393,23.4,67.35,494226.0,3693.61,2200.0,2.0
2023-02-01,2023,2,53.59,64.52383,24.4,66.03,478646.0,3685.72,2450.0,2.0
2023-03-01,2023,3,56.61,274.0123,23.2,71.54,365613.0,3744.52,2500.0,2.1
2023-04-01,2023,4,65.75,291.8411,22.9,59.99,373610.0,3745.82,2900.0,2.2
2023-05-01,2023,5,50.7,93.50117,22.5,73.26,453169.0,3729.55,3750.0,2.32
2023-06-01,2023,6,36.97,110.1314,22.1,90.56,563832.0,3707.79,4250.0,2.51
2023-07-01,2023,7,31.32,35.16254,22.0,104.99,645832.0,3661.23,4000.0,2.63
2023-08-01,2023,8,30.91,43.89989,21.6,121.64,743517.0,3689.12,4000.0,2.69
2023-09-01,2023,9,34.08,159.0672,22.6,94.39,577073.0,3738.02,4000.0,2.73
2023-10-01,2023,10,49.52,178.2283,23.6,78.92,470080.0,3755.63,3900.0,2.72
2023-11-01,2023,11,60.43,391.2958,24.2,70.68,425526.0,3782.03,3750.0,2.62
2023-12-01,2023,12,54.27,121.948,24.2,65.94,401336.0,3780.66,4050.0,2.61
2024-01-01,2024,1,54.71,160.3873,23.8,85.57,481586.0,3805.03,4250.0,2.82
2024-02-01,2024,2,53.83,124.6,25.3,82.56,434582.0,3873.59,5250.0,3.07
2024-03-01,2024,3,64.07,82.0815,25.5,64.74,329686.0,3895.78,5100.0,3.13
2024-04-01,2024,4,64.7,237.5418,24.3,84.8,390977.0,3822.69,5750.0,3.53
2024-05-01,2024,5,64.04,49.83354,21.6,127.3,553529.0,3791.4,5400.0,3.8
2024-06-01,2024,6,68.36,45.41605,22.5,162.36,667037.0,3747.19,5650.0,4.07
2024-07-01,2024,7,62.65,123.3344,22.8,210.48,821593.0,3705.85,5900.0,4.27
2024-08-01,2024,8,56.56,94.13236,23.0,221.63,837915.0,3723.65,6250.0,4.42
2024-09-01,2024,9,62.16,85.91017,23.0,144.71,532212.0,3711.31,6750.0,4.53
2024-10-01,2024,10,76.18,163.5158,23.1,139.04,496820.0,3667.93,6500.0,4.64
2024-11-01,2024,11,74.96,334.4308,23.3,108.91,400536.0,3678.65,6500.0,4.64
2024-12-01,2024,12,64.41,90.15173,23.2,114.03,413079.0,3664.08,6500.0,4.55
2025-01-01,2025,1,58.74,63.85384,24.5,156.5,550341.0,3688.96,7000.0,4.65
2025-02-01,2025,2,50.24,19.85459,23.6,167.78,555756.0,3677.71,7750.0,4.83
