Year,Month,Robusta_Kiboko_Price,FAQ_Price,Arabica_Parchment_Price,Drugar_Price,Rainfall,Temperature,Average_Relative_Humidity,Exchange_Rate,Average-Export-Price,Export_Price_Robusta,Export_Price_Arabica,Total_Export_Volume,Export_Value,Robusta_Export_Volume,Robusta_Export_Value,Arabica_Export_Volume,Arabica_Export_Value,ICO_Composite_Price,Top_Importing_Country,Top_Exporter_in_Uganda,Month_Name,Quarter,Year,Robusta_Kiboko_Price_lag1,Robusta_Kiboko_Price_lag3,Robusta_Kiboko_Price_lag6,Rainfall_lag1,Rainfall_lag3,Rainfall_lag6,ICO_Composite_Price_lag1,ICO_Composite_Price_lag3,ICO_Composite_Price_lag6,Exchange_Rate_lag1,Exchange_Rate_lag3,Exchange_Rate_lag6,Robusta_Kiboko_Price_roll3,Robusta_Kiboko_Price_roll6,Export_Value_roll3,Export_Value_roll6,Rainfall_roll3,Rainfall_roll6,Exchange_Rate_roll3,Exchange_Rate_roll6,Robusta_Kiboko_Price_pct_change,Exchange_Rate_pct_change,Export_Value_pct_change
1970-01-01 00:00:00.000001992,July,210,420,499,536,107.312,22.3,52.31,1177.86,0.85,0.81,1.26,171101,8.71,157015,7645211,13003,1067793,48.7,Itally,Kyagalanyi Coffee Ltd,January,1,1970,251,235,224,108.6029,119.0856,35.03382,48.13,53.64,61.12,1166.06,1158.91,970,226,227.833333333333,8.71,8.71,113.742733333333,94.049715,1169.62,1135.555,-16.3346613545817,1.01195478791829,0
1970-01-01 00:00:00.000001992,August,220,440,500,510,41.881,22.3,64.18,1185.29,0.85,0.81,1.26,171101,8.71,157015,7645211,13003,1067793,45.89,Itally,Kyagalanyi Coffee Ltd,January,1,1970,210,217,207,107.312,125.3133,49.64767,48.7,49.27,55.51,1177.86,1164.94,985.48,227,230,8.71,8.71,85.9319666666667,92.75527,1176.40333333333,1168.85666666667,4.76190476190477,0.63080501927224,0
1970-01-01 00:00:00.000001992,September,215,400,502,523,126.1728,23.2,65.86,1185.15,0.85,0.81,1.26,171101,8.71,157015,7645211,13003,1067793,47.11,Itally,Kyagalanyi Coffee Ltd,January,1,1970,220,251,247,41.881,108.6029,54.33682,45.89,48.13,56.48,1185.29,1166.06,1160.08,215,224.666666666667,8.71,8.71,91.7886,104.727933333333,1182.76666666667,1173.035,-2.27272727272727,-0.0118114554244042,0
1970-01-01 00:00:00.000001992,October,225,450,510,585,140.0685,23.5,67.15,1181.07,0.85,0.81,1.26,171101,8.71,157015,7645211,13003,1067793,52.88,Itally,Kyagalanyi Coffee Ltd,January,1,1970,215,210,235,126.1728,107.312,119.0856,47.11,48.7,53.64,1185.15,1177.86,1158.91,220,223,8.71,8.71,102.707433333333,108.225083333333,1183.83666666667,1176.72833333333,4.65116279069768,-0.344260220225301,0
1970-01-01 00:00:00.000001992,November,250,500,550,644,181.3497,23.2,68.28,1196.34,0.85,0.81,1.26,171101,8.71,157015,7645211,13003,1067793,57.49,Itally,Kyagalanyi Coffee Ltd,January,1,1970,225,220,217,140.0685,41.881,125.3133,52.88,45.89,49.27,1181.07,1185.29,1164.94,230,228.5,8.71,8.71,149.197,117.564483333333,1187.52,1181.96166666667,11.1111111111111,1.29289542533466,0
1970-01-01 00:00:00.000001992,December,300,600,563,728,140.5184,23.8,67.78,1213.93,0.85,0.81,1.26,171101,8.71,157015,7645211,13003,1067793,64,Itally,Kyagalanyi Coffee Ltd,January,1,1970,250,215,251,181.3497,126.1728,108.6029,57.49,47.11,48.13,1196.34,1185.15,1166.06,258.333333333333,236.666666666667,8.71,8.71,153.978866666667,122.883733333333,1197.11333333333,1189.94,20,1.47031780263138,0
1970-01-01 00:00:00.000001993,January,300,600,606,602,68.11752,24.3,63.38,1217.12,0.87,0.82,1.22,174054,9.06,153459,7548012,22467,1509820,58.14,Itally,Ugacof (U) Ltd,January,1,1970,300,225,210,140.5184,140.0685,107.312,64,52.88,48.7,1213.93,1181.07,1177.86,283.333333333333,251.666666666667,8.82666666666667,8.76833333333333,129.995206666667,116.35132,1209.13,1196.48333333333,0,0.262782862273747,4.01836969001148
1970-01-01 00:00:00.000001993,February,270,540,605,593,88.01113,24.7,66.46,1217.09,0.87,0.82,1.22,174054,9.06,153459,7548012,22467,1509820,57.32,Itally,Ugacof (U) Ltd,January,1,1970,300,250,220,68.11752,181.3497,41.881,58.14,57.49,45.89,1217.12,1196.34,1185.29,290,260,8.94333333333333,8.82666666666667,98.88235,124.039675,1216.04666666667,1201.78333333333,-10,-0.00246483502037709,0
1970-01-01 00:00:00.000001993,March,280,560,605,567,127.4345,24.5,67.35,1217.52,0.87,0.82,1.22,174054,9.06,153459,7548012,22467,1509820,54.76,Itally,Ugacof (U) Ltd,January,1,1970,270,300,215,88.01113,140.5184,126.1728,57.32,64,47.11,1217.09,1213.93,1185.15,283.333333333333,270.833333333333,9.06,8.885,94.52105,124.249958333333,1217.24333333333,1207.17833333333,3.7037037037037,0.0353301727892053,0
1970-01-01 00:00:00.000001993,April,270,540,607,529,171.4105,23.3,75.78,1218.09,0.87,0.82,1.22,174054,9.06,153459,7548012,22467,1509820,51.38,Itally,Ugacof (U) Ltd,January,1,1970,280,300,225,127.4345,68.11752,140.0685,54.76,58.14,52.88,1217.52,1217.12,1181.07,273.333333333333,278.333333333333,9.06,8.94333333333333,128.952043333333,129.473625,1217.56666666667,1213.34833333333,-3.57142857142857,0.0468164794007464,0
1970-01-01 00:00:00.000001993,May,275,550,597,560,151.461,22.7,69.36,1213.27,0.87,0.82,1.22,174054,9.06,153459,7548012,22467,1509820,54.18,Itally,Ugacof (U) Ltd,January,1,1970,270,270,250,171.4105,88.01113,181.3497,51.38,57.32,57.49,1218.09,1217.09,1196.34,275,282.5,9.06,9.00166666666667,150.102,124.492175,1216.29333333333,1216.17,1.85185185185186,-0.395701467050869,0
1970-01-01 00:00:00.000001993,June,270,540,600,555,49.86246,22.5,63.26,1199.09,0.87,0.82,1.22,174054,9.06,153459,7548012,22467,1509820,54.54,Itally,Ugacof (U) Ltd,January,1,1970,275,280,300,151.461,127.4345,140.5184,54.18,54.76,64,1213.27,1217.52,1213.93,271.666666666667,277.5,9.06,9.06,124.244653333333,109.382851666667,1210.15,1213.69666666667,-1.81818181818182,-1.16874232446199,0
1970-01-01 00:00:00.000001993,July,300,600,608,631,27.89451,21.4,50.11,1197.57,0.87,0.82,1.22,174054,9.06,153459,7548012,22467,1509820,60.61,Itally,Ugacof (U) Ltd,January,1,1970,270,270,300,49.86246,171.4105,68.11752,54.54,51.38,58.14,1199.09,1218.09,1217.12,281.666666666667,277.5,9.06,9.06,76.40599,102.679016666667,1203.31,1210.43833333333,11.1111111111111,-0.126762795119628,0
1970-01-01 00:00:00.000001993,August,320,640,645,685,63.33907,22.1,50.41,1196.65,0.87,0.82,1.22,174054,9.06,153459,7548012,22467,1509820,67.69,Itally,Ugacof (U) Ltd,January,1,1970,300,275,270,27.89451,151.461,88.01113,60.61,54.18,57.32,1197.57,1213.27,1217.09,296.666666666667,285.833333333333,9.06,9.06,47.0320133333333,98.5670066666667,1197.77,1207.03166666667,6.66666666666667,-0.0768222316858136,0
1970-01-01 00:00:00.000001993,September,350,700,700,616,117.9563,22,57.84,1181.99,0.87,0.82,1.22,174054,9.06,153459,7548012,22467,1509820,71.64,Itally,Ugacof (U) Ltd,January,1,1970,320,270,280,63.33907,49.86246,127.4345,67.69,54.54,54.76,1196.65,1199.09,1217.52,323.333333333333,297.5,9.06,9.06,69.72996,96.9873066666667,1192.07,1201.11,9.375,-1.22508670037188,0
1970-01-01 00:00:00.000001993,October,350,800,773,676,76.55813,22.8,71.17,1170.84,0.87,0.82,1.22,174054,9.06,153459,7548012,22467,1509820,67.78,Itally,Ugacof (U) Ltd,January,1,1970,350,300,270,117.9563,27.89451,171.4105,71.64,60.61,51.38,1181.99,1197.57,1218.09,340,310.833333333333,9.06,9.06,85.9511666666667,81.1785783333333,1183.16,1193.235,0,-0.943324393607403,0
1970-01-01 00:00:00.000001993,November,325,650,775,699,148.0802,22.5,74.72,1165.01,0.87,0.82,1.22,174054,9.06,153459,7548012,22467,1509820,70.03,Itally,Ugacof (U) Ltd,January,1,1970,350,320,275,76.55813,63.33907,151.461,67.78,67.69,54.18,1170.84,1196.65,1213.27,341.666666666667,319.166666666667,9.06,9.06,114.19821,80.6151116666667,1172.61333333333,1185.19166666667,-7.14285714285714,-0.497933107854187,0
1970-01-01 00:00:00.000001993,December,400,900,770,713,101.0854,22.4,75.39,1146,0.87,0.82,1.22,174054,9.06,153459,7548012,22467,1509820,71.5,Itally,Ugacof (U) Ltd,January,1,1970,325,350,270,148.0802,117.9563,49.86246,70.03,71.64,54.54,1165.01,1181.99,1199.09,358.333333333333,340.833333333333,9.06,9.06,108.574576666667,89.1522683333333,1160.61666666667,1176.34333333333,23.0769230769231,-1.63174565025193,0
1970-01-01 00:00:00.000001994,January,500,900,950,653,59.93845,22.3,70.28,1112.71,1.52,1.3,2.54,250434,22.81,205997,16025593,44437,6779311,69.17,Itally,Kyagalanyi Coffee Ltd,January,1,1970,400,350,300,101.0854,76.55813,27.89451,71.5,67.78,60.61,1146,1170.84,1197.57,408.333333333333,374.166666666667,13.6433333333333,11.3516666666667,103.034683333333,94.492925,1141.24,1162.2,25,-2.90488656195462,151.766004415011
1970-01-01 00:00:00.000001994,February,600,1100,1200,654,88.70426,22.6,65.63,1047.22,1.52,1.3,2.54,250434,22.81,205997,16025593,44427,6779311,72.37,Itally,Kyagalanyi Coffee Ltd,January,1,1970,500,325,320,59.93845,148.0802,63.33907,69.17,70.03,67.69,1112.71,1165.01,1196.65,500,420.833333333333,18.2266666666667,13.6433333333333,83.2427033333333,98.7204566666667,1101.97666666667,1137.295,20,-5.88563057759883,0
1970-01-01 00:00:00.000001994,March,650,1200,1350,717,169.61,23.4,69.65,1079.22,1.52,1.3,2.54,250434,22.81,205997,16025593,44427,6779311,76.11,Itally,Kyagalanyi Coffee Ltd,January,1,1970,600,400,350,88.70426,101.0854,117.9563,72.37,71.5,71.64,1047.22,1146,1181.99,583.333333333333,470.833333333333,22.81,15.935,106.084236666667,107.329406666667,1079.71666666667,1120.16666666667,8.33333333333333,3.05570940203586,0
1970-01-01 00:00:00.000001994,April,650,1200,1450,708,187.3833,22.2,78.74,1007.03,1.52,1.3,2.54,250434,22.81,205997,16025593,44427,6779311,81.19,Itally,Kyagalanyi Coffee Ltd,January,1,1970,650,500,350,169.61,59.93845,76.55813,76.11,69.17,67.78,1079.22,1112.71,1170.84,633.333333333333,520.833333333333,22.81,18.2266666666667,148.565853333333,125.800268333333,1044.49,1092.865,0,-6.68909026889791,0
1970-01-01 00:00:00.000001994,May,700,1200,1450,906,215.9971,21.7,63.9,965.71,1.52,1.3,2.54,250434,22.81,205997,16025593,44427,6779311,108.42,Itally,Kyagalanyi Coffee Ltd,January,1,1970,650,600,325,187.3833,88.70426,148.0802,81.19,72.37,70.03,1007.03,1047.22,1165.01,666.666666666667,583.333333333333,22.81,20.5183333333333,190.9968,137.119751666667,1017.32,1059.64833333333,7.69230769230769,-4.10315482160412,0
1970-01-01 00:00:00.000001994,June,650,1300,1550,1045,86.93786,21.5,54.54,962.59,1.52,1.3,2.54,250434,22.81,205997,16025593,44427,6779311,127.91,Itally,Kyagalanyi Coffee Ltd,January,1,1970,700,650,400,215.9971,169.61,101.0854,108.42,76.11,71.5,965.71,1079.22,1146,666.666666666667,625,22.81,22.81,163.43942,134.761828333333,978.443333333333,1029.08,-7.14285714285714,-0.32307835685661,0
1970-01-01 00:00:00.000001994,July,950,1900,1600,1751,104.9846,21.5,50.01,967.07,1.52,1.3,2.54,250434,22.81,205997,16025593,44427,6779311,191.44,Itally,Kyagalanyi Coffee Ltd,January,1,1970,650,650,500,86.93786,187.3833,59.93845,127.91,81.19,69.17,962.59,1007.03,1112.71,766.666666666667,700,22.81,22.81,135.973186666667,142.26952,965.123333333333,1004.80666666667,46.1538461538461,0.465411026501417,0
1970-01-01 00:00:00.000001994,August,1100,2200,1900,1593,121.3022,22,43.89,921.38,1.52,1.3,2.54,250434,22.81,205997,16025593,44427,6779311,181.53,Itally,Kyagalanyi Coffee Ltd,January,1,1970,950,700,600,104.9846,215.9971,88.70426,191.44,108.42,72.37,967.07,965.71,1047.22,900,783.333333333333,22.81,22.81,104.40822,147.70251,950.346666666667,983.833333333333,15.7894736842105,-4.72458043368112,0
1970-01-01 00:00:00.000001994,September,1000,2150,2000,1728,139.5468,22,56.34,920.79,1.52,1.3,2.54,250434,22.81,205997,16025593,44427,6779311,202.39,Itally,Kyagalanyi Coffee Ltd,January,1,1970,1100,650,650,121.3022,86.93786,169.61,181.53,127.91,76.11,921.38,962.59,1079.22,1016.66666666667,841.666666666667,22.81,22.81,121.944533333333,142.691976666667,936.413333333333,957.428333333333,-9.09090909090909,-0.0640343832078005,0
1970-01-01 00:00:00.000001994,October,750,1650,1800,1623,131.8231,22.8,60.26,919.78,1.52,1.3,2.54,250434,22.81,205997,16025593,44427,6779311,185.64,Itally,Kyagalanyi Coffee Ltd,January,1,1970,1000,950,650,139.5468,104.9846,187.3833,202.39,191.44,81.19,920.79,967.07,1007.03,950,858.333333333333,22.81,22.81,130.8907,133.431943333333,920.65,942.886666666667,-25,-0.109688419726539,0
1970-01-01 00:00:00.000001994,November,825,1925,2100,1476,281.5123,22.7,70.07,920.14,1.52,1.3,2.54,250434,22.81,205997,16025593,44427,6779311,168.12,Itally,Kyagalanyi Coffee Ltd,January,1,1970,750,1100,700,131.8231,121.3022,215.9971,185.64,181.53,108.42,919.78,921.38,965.71,858.333333333333,879.166666666667,22.81,22.81,184.294066666667,144.351143333333,920.236666666667,935.291666666667,10,0.0391397942986371,0
1970-01-01 00:00:00.000001994,December,800,1600,1900,1305,129.9981,22.6,64.73,929.75,1.52,1.3,2.54,250434,22.81,205997,16025593,44427,6779311,149.14,Itally,Kyagalanyi Coffee Ltd,January,1,1970,825,1000,650,281.5123,139.5468,86.93786,168.12,202.39,127.91,920.14,920.79,962.59,791.666666666667,904.166666666667,22.81,22.81,181.111166666667,151.52785,923.223333333333,929.818333333333,-3.03030303030303,1.04440628599995,0
1970-01-01 00:00:00.000002015,October,2350,4500,5600,5600,232.8052,23.7,45.11,3636.02,1.71,1.61,1.86,223858,34.21,148938,14366648,74920,8566678,118.43,EU,Ugacof (U) Ltd,January,1,1970,2150,2200,2100,78.8049,48.63834,224.53,113.14,119.77,129.02,3667.5,3360.09,2995.58,2233.33333333333,2225,34.21,34.21,129.460726666667,114.32987,3617.25666666667,3403.22666666667,9.30232558139534,-0.858350374914796,0
1970-01-01 00:00:00.000002015,November,2350,4400,5250,4659,334.6217,23.7,57.07,3429,1.68,1.57,1.86,248921,34.21,157358,14810825,91563,10191405,115.03,EU,Ugacof (U) Ltd,January,1,1970,2350,2200,2200,232.8052,76.77208,124.4446,118.43,121.21,123.49,3636.02,3548.25,3007.6,2283.33333333333,2250,34.21,34.21,215.4106,149.359386666667,3577.50666666667,3473.46,0,-5.69358804407016,0
1970-01-01 00:00:00.000002015,December,2150,4350,5200,4500,177.9175,24.2,51.65,3362.49,1.62,1.52,1.97,342429,34.21,263214,24234767,79215,8349986,114.63,EU,Ugacof (U) Ltd,January,1,1970,2350,2150,2250,334.6217,78.8049,124.5141,115.03,113.14,124.97,3429,3667.5,3199.9,2283.33333333333,2233.33333333333,34.21,34.21,248.448133333333,158.259953333333,3475.83666666667,3500.55833333333,-8.51063829787234,-1.93963254593177,0
1970-01-01 00:00:00.000002018,May,2100,4750,5700,6500,102.1936,22.9,61.77,3726.84,1.84,1.75,2.13,392500,41,281667,29583333,90000,11500000,113.34,Italy,Kyagalanyi Coffee Ltd,January,1,1970,2100,2100,2370,234.0699,126.9756,261.2267,112.56,114.19,117.26,3697.24,3637.56,3638.85,2100,2145,41,40.97,192.546,130.668183333333,3694.73333333333,3664.17833333333,0,0.800597202237352,0
1970-01-01 00:00:00.000002019,January,2073,4221,5220,5257,78.40453,23.7,64.91,3702.43,1.66,1.57,1.97,469663,34.58,376874,34286315,92789,13687806,101.56,Italy,Kyagalanyi Coffee Ltd,January,1,1970,2100,2100,2100,174.6964,139.0651,41.81772,100.61,111.21,107.2,3714.13,3777.98,3760.44,2091,2095.5,38.86,39.93,141.606976666667,122.783673333333,3718.77666666667,3744.08666666667,-1.28571428571429,-0.315013206322889,-15.6585365853659
1970-01-01 00:00:00.000002019,February,2057,4187,5179,5216,126.5272,24.3,54.69,3672.89,1.66,1.57,1.97,473328,34.58,388980,34659016,84348,12098287,100.67,Italy,Kyagalanyi Coffee Ltd,January,1,1970,2073,2100,2100,78.40453,171.72,116.2978,101.56,109.59,102.41,3702.43,3739.77,3729.53,2076.66666666667,2088.33333333333,36.72,38.86,126.54271,124.488573333333,3696.48333333333,3734.64666666667,-0.771828268210328,-0.79785438212201,0
1970-01-01 00:00:00.000002019,March,2075,4225,5225,5263,78.39532,24.3,56.39,3706.19,1.66,1.57,1.97,480961,34.58,389378,33359865,91583,12780599,97.5,Italy,Kyagalanyi Coffee Ltd,January,1,1970,2057,2100,2100,126.5272,174.6964,56.51821,100.67,100.61,98.17,3672.89,3714.13,3800.68,2068.33333333333,2084.16666666667,34.58,37.79,94.44235,128.134758333333,3693.83666666667,3718.89833333333,0.875060768108904,0.906642997748364,0
1970-01-01 00:00:00.000002019,April,2093,4260,5269,5307,189.782,22.8,63.11,3736.98,1.66,1.57,1.97,360293,34.58,262996,22577360,97297,14366692,94.42,Italy,Kyagalanyi Coffee Ltd,January,1,1970,2075,2073,2100,78.39532,78.40453,139.0651,97.5,101.56,111.21,3706.19,3702.43,3777.98,2075,2083,34.58,36.72,131.568173333333,136.587575,3705.35333333333,3712.065,0.867469879518068,0.830772302553284,0
1970-01-01 00:00:00.000002019,May,2109,4293,5310,5347,238.0616,22.9,53.41,3765.63,1.66,1.57,1.97,437597,34.58,340830,29540835,96767,12938575,93.33,Italy,Kyagalanyi Coffee Ltd,January,1,1970,2093,2057,2100,189.782,126.5272,171.72,94.42,100.67,109.59,3736.98,3672.89,3739.77,2092.33333333333,2084.5,34.58,35.65,168.746306666667,147.644508333333,3736.26666666667,3716.375,0.764452938365978,0.766661849943007,0
1970-01-01 00:00:00.000002019,June,2088,4251,5258,5295,133.472,22.9,43.65,3728.99,1.66,1.57,1.97,420563,34.58,345008,29119423,75555,10820246,99.97,Italy,Kyagalanyi Coffee Ltd,January,1,1970,2109,2075,2100,238.0616,78.39532,174.6964,93.33,97.5,100.61,3765.63,3706.19,3714.13,2096.66666666667,2082.5,34.58,34.58,187.1052,140.773775,3743.86666666667,3718.85166666667,-0.995732574679942,-0.973011156167769,0
1970-01-01 00:00:00.000002019,July,2070,4214,5212,5249,97.33581,22.5,36.93,3696.49,1.66,1.57,1.97,463709,34.58,386584,35338116,77125,8627139,103.01,Italy,Kyagalanyi Coffee Ltd,January,1,1970,2088,2093,2073,133.472,189.782,78.40453,99.97,94.42,101.56,3728.99,3736.98,3702.43,2089,2082,34.58,34.58,156.289803333333,143.928988333333,3730.37,3717.86166666667,-0.862068965517238,-0.871549668945215,0
1970-01-01 00:00:00.000002019,August,2068,4211,5208,5245,127.6046,22.4,34.25,3693.73,1.66,1.57,1.97,488864,34.58,414940,38089869,73924,8224189,96.07,Italy,Kyagalanyi Coffee Ltd,January,1,1970,2070,2109,2057,97.33581,238.0616,126.5272,103.01,93.33,100.67,3696.49,3765.63,3672.89,2075.33333333333,2083.83333333333,34.58,34.58,119.470803333333,144.108555,3706.40333333333,3721.335,-0.0966183574879209,-0.074665425849918,0
1970-01-01 00:00:00.000002019,September,2058,4190,5182,5219,106.8347,22.3,38.48,3675.5,1.66,1.57,1.97,362219,34.58,310863,28956041,51356,5703018,97.74,Italy,Kyagalanyi Coffee Ltd,January,1,1970,2068,2088,2075,127.6046,133.472,78.39532,96.07,99.97,97.5,3693.73,3728.99,3706.19,2065.33333333333,2081,34.58,34.58,110.591703333333,148.848451666667,3688.57333333333,3716.22,-0.483558994197297,-0.493539051311276,0
1970-01-01 00:00:00.000002019,October,2058,4213,5211,5248,308.0876,22.8,51.21,3695.84,1.66,1.57,1.97,378931,34.58,303430,28119329,75501,5703018,97.35,Italy,Kyagalanyi Coffee Ltd,January,1,1970,2058,2070,2093,106.8347,97.33581,189.782,97.74,103.01,94.42,3675.5,3696.49,3736.98,2061.33333333333,2075.16666666667,34.58,34.58,180.8423,168.566051666667,3688.35666666667,3709.36333333333,0,0.55339409604136,0
1970-01-01 00:00:00.000002019,November,2070,4215,5213,5250,264.9798,23.1,59.21,3697.44,1.66,1.57,1.97,439505,34.58,336366,30420946,103139,11845098,107.23,Italy,Kyagalanyi Coffee Ltd,January,1,1970,2058,2068,2109,308.0876,127.6046,238.0616,97.35,96.07,93.33,3695.84,3693.73,3765.63,2062,2068.66666666667,34.58,34.58,226.634033333333,173.052418333333,3689.59333333333,3697.99833333333,0.583090379008744,0.0432919173990243,0
1970-01-01 00:00:00.000002019,December,2059,4191,5184,5220,288.3552,22.8,52.26,3676.73,1.66,1.57,1.97,330248,34.58,280603,24990250,49645,6877841,117.37,Italy,Kyagalanyi Coffee Ltd,January,1,1970,2070,2058,2088,264.9798,106.8347,133.472,107.23,97.74,99.97,3697.44,3675.5,3728.99,2062.33333333333,2063.83333333333,34.58,34.58,287.140866666667,198.866285,3690.00333333333,3689.28833333333,-0.531400966183571,-0.560117270327576,0
1970-01-01 00:00:00.000002020,January,2150,4300,5500,5200,97.86871,23.1,55.55,3680.79,1.71,1.52,2.46,469951,48.19,377182,34505452,92769,13680875,106.89,Italy,Kyagalanyi Coffee Ltd,January,1,1970,2059,2058,2070,288.3552,308.0876,97.33581,117.37,97.35,103.01,3676.73,3695.84,3696.49,2093,2077.16666666667,39.1166666666667,36.8483333333333,217.067903333333,198.955101666667,3684.98666666667,3686.67166666667,4.41962117532784,0.110424208467852,39.358010410642
1970-01-01 00:00:00.000002020,February,2150,4000,5750,5200,194.4061,23.9,52.42,3676.85,1.65,1.49,2.39,472994,46.73,388646,34631182,84348,12098287,102,Italy,Kyagalanyi Coffee Ltd,January,1,1970,2150,2070,2068,97.86871,264.9798,127.6046,106.89,107.23,96.07,3680.79,3697.44,3693.73,2119.66666666667,2090.83333333333,43.1666666666667,38.8733333333333,193.543336666667,210.088685,3678.12333333333,3683.85833333333,0,-0.107042238215171,-3.02967420626686
1970-01-01 00:00:00.000002020,March,2000,4000,5400,5000,354.7615,23.8,54.48,3772.91,1.6,1.43,2.33,477561,45.87,385978,33085755,91583,12780705,109.05,Italy,Kyagalanyi Coffee Ltd,January,1,1970,2150,2059,2058,194.4061,288.3552,106.8347,102,117.37,97.74,3676.85,3676.73,3675.5,2100,2081.16666666667,46.93,40.755,215.67877,251.409818333333,3710.18333333333,3700.09333333333,-6.97674418604651,2.61256238356202,-1.84035951209073
1970-01-01 00:00:00.000002020,April,1900,3900,5400,5000,207.8,23.1,63.04,3785.75,1.71,1.43,2.46,359973,36.93,262676,22547121,97297,14381211,108.91,Italy,Kyagalanyi Coffee Ltd,January,1,1970,2000,2150,2058,354.7615,97.86871,308.0876,109.05,106.89,97.35,3772.91,3680.79,3695.84,2016.66666666667,2054.83333333333,43.1766666666667,41.1466666666667,252.322533333333,234.695218333333,3745.17,3715.07833333333,-5,0.340320866386956,-19.4898626553303
1970-01-01 00:00:00.000002020,May,1900,4000,4750,4250,120.8302,22.7,58.44,3791.46,1.62,1.44,2.23,437579,42.48,340830,29540631,96767,12938575,104.45,Italy,Kyagalanyi Coffee Ltd,January,1,1970,1900,2150,2070,207.8,194.4061,264.9798,108.91,102,107.23,3785.75,3676.85,3697.44,1933.33333333333,2026.5,41.76,42.4633333333333,227.797233333333,210.670285,3783.37333333333,3730.74833333333,0,0.150828765766353,15.0284321689683
1970-01-01 00:00:00.000002020,June,1850,3850,4500,4230,54.10262,22.6,42.43,3737.94,1.53,1.41,2.38,420373,39.99,344430,29853085,75935,10153159,99.05,Italy,Kyagalanyi Coffee Ltd,January,1,1970,1900,2000,2059,120.8302,354.7615,288.3552,104.45,109.05,117.37,3791.46,3772.91,3676.73,1883.33333333333,1991.66666666667,39.8,43.365,127.577606666667,171.628188333333,3771.71666666667,3740.95,-2.63157894736842,-1.41159342311405,-5.86158192090395
1970-01-01 00:00:00.000002020,July,1900,3900,4900,4250,71.23054,22,35.62,3703.54,1.53,1.43,2.19,543251,49.78,467160,39992533,76091,9984806,103.66,Italy,Kyagalanyi Coffee Ltd,January,1,1970,1850,1900,2150,54.10262,207.8,97.86871,99.05,108.91,106.89,3737.94,3785.75,3680.79,1883.33333333333,1950,44.0833333333333,43.63,82.0544533333333,167.188493333333,3744.31333333333,3744.74166666667,2.7027027027027,-0.920292995607208,24.48112028007
1970-01-01 00:00:00.000002020,August,2100,4100,4900,4250,94.72482,22.4,36.45,3677.53,1.48,1.39,2.13,519683,46.06,457897,38158356,61786,7901763,114.78,Italy,Kyagalanyi Coffee Ltd,January,1,1970,1900,1900,2150,71.23054,120.8302,194.4061,103.66,104.45,102,3703.54,3791.46,3676.85,1950,1941.66666666667,45.2766666666667,43.5183333333333,73.35266,150.574946666667,3706.33666666667,3744.855,10.5263157894737,-0.702301041706033,-7.47288067496986
1970-01-01 00:00:00.000002020,September,2100,4100,4900,4250,142.8168,23,43.74,3695.09,1.47,1.39,2.02,506470,44.64,445461,37246525,61009,7388927,116.25,Italy,Kyagalanyi Coffee Ltd,January,1,1970,2100,1850,2000,94.72482,54.10262,354.7615,114.78,99.05,109.05,3677.53,3737.94,3772.91,2033.33333333333,1958.33333333333,46.8266666666667,43.3133333333333,102.924053333333,115.25083,3692.05333333333,3731.885,0,0.477494405212187,-3.08293530178029
1970-01-01 00:00:00.000002020,October,2000,4000,5400,5000,142.0168,23.9,48.42,3719.92,1.47,1.39,2.24,428015,38.61,371280,30966600,56735,7640268,105.85,Italy,Olam Uganda Ltd,January,1,1970,2100,1900,1900,142.8168,71.23054,207.8,116.25,103.66,108.91,3695.09,3703.54,3785.75,2066.66666666667,1975,43.1033333333333,43.5933333333333,126.519473333333,104.286963333333,3697.51333333333,3720.91333333333,-4.76190476190477,0.671972807157606,-13.508064516129
1970-01-01 00:00:00.000002020,November,2000,3900,5250,5000,335.7159,23.1,49.6,3710.68,1.48,1.37,2.22,430324,38.29,372211,30548107,58113,7738494,109.7,Italy,Ugacof (U) Ltd,January,1,1970,2000,2100,1900,142.0168,94.72482,120.8302,105.85,114.78,104.45,3719.92,3677.53,3791.46,2033.33333333333,1991.66666666667,40.5133333333333,42.895,206.849833333333,140.101246666667,3708.56333333333,3707.45,0,-0.248392438547074,-0.828800828800824
1970-01-01 00:00:00.000002020,December,2000,4000,5300,5250,121.2109,23.4,59.13,3666.54,1.49,1.37,2.42,422922,37.78,375209,30866603,47713,6918061,114.74,Italy,Ugacof (U) Ltd,January,1,1970,2000,2100,1850,335.7159,142.8168,54.10262,109.7,116.25,99.05,3710.68,3695.09,3737.94,2000,2016.66666666667,38.2266666666667,42.5266666666667,199.647866666667,151.28596,3699.04666666667,3695.55,0,-1.18953938361701,-1.33194045442674
1970-01-01 00:00:00.000002021,January,1900,4000,5300,5150,140.67,24.4,48.74,3691.56,1.48,1.37,2.42,446560,39.73,398160,32729296,48400,7018981,115.73,Italy,Ugacof (U) Ltd,January,1,1970,2000,2000,1900,121.2109,142.0168,71.23054,114.74,105.85,103.66,3666.54,3719.92,3703.54,1966.66666666667,2016.66666666667,38.6,40.8516666666667,199.198933333333,162.859203333333,3689.59333333333,3693.55333333333,-5,0.682387209739965,5.16146109052407
1970-01-01 00:00:00.000002021,February,1900,4000,5300,5150,102.3822,24.7,57.9,3667.32,1.5,1.36,2.57,562763,50.55,500685,40955833,62078,9591046,119.35,Italy,Ugacof (U) Ltd,January,1,1970,1900,2000,2100,140.67,335.7159,94.72482,115.73,109.7,114.78,3691.56,3710.68,3677.53,1933.33333333333,1983.33333333333,42.6866666666667,41.6,121.421033333333,164.135433333333,3675.14,3691.85166666667,0,-0.656632968176052,27.2338283413038
1970-01-01 00:00:00.000002021,March,2000,4000,5400,5150,152.1133,25.2,55.76,3662.87,1.56,1.38,2.65,572839,53.52,494223,41032411,78616,12491214,119.83,Itally,Ugacof (U) Ltd,January,1,1970,1900,2000,2100,102.3822,121.2109,142.8168,119.35,114.74,116.25,3667.32,3666.54,3695.09,1933.33333333333,1966.66666666667,47.9333333333333,43.08,131.721833333333,165.68485,3673.91666666667,3686.48166666667,5.26315789473684,-0.12134201542271,5.87537091988133
1970-01-01 00:00:00.000002021,April,2250,4300,5700,5250,268.9786,24.3,61.98,3623.3,1.55,1.4,2.5,537538,50.02,464544,39078310,72994,10938391,122.03,Itally,Ugacof (U) Ltd,January,1,1970,2000,1900,2000,152.1133,140.67,142.0168,119.83,115.73,105.85,3662.87,3691.56,3719.92,2050,2008.33333333333,51.3633333333333,44.9816666666667,174.491366666667,186.84515,3651.16333333333,3670.37833333333,12.5,-1.08030042016233,-6.53961136023916
1970-01-01 00:00:00.000002021,May,2250,4350,6750,5750,139.5649,23.1,55.44,3552.79,1.59,1.46,2.48,494050,47.16,429374,37523776,64676,9633094,134.78,Itally,Olam Uganda Ltd,January,1,1970,2250,1900,2000,268.9786,102.3822,335.7159,122.03,119.35,109.7,3623.3,3667.32,3710.68,2166.66666666667,2050,50.2333333333333,46.46,186.8856,154.153316666667,3612.98666666667,3644.06333333333,0,-1.94601606270527,-5.71771291483408
1970-01-01 00:00:00.000002021,June,2250,4350,6650,5750,109.0683,22.7,44.29,3540.35,1.58,1.48,2.62,618388,58.56,565449,50248404,52939,8313857,141.03,Itally,Ugacof (U) Ltd,January,1,1970,2250,2000,2000,139.5649,152.1133,121.2109,134.78,119.83,114.74,3552.79,3662.87,3666.54,2250,2091.66666666667,51.9133333333333,49.9233333333333,172.537266666667,152.12955,3572.14666666667,3623.03166666667,0,-0.350147348984886,24.1730279898219
1970-01-01 00:00:00.000002021,July,2250,4870,6900,6250,42.39708,22.4,36.24,3552.31,1.66,1.59,2.97,700035,69.93,660458,63886054,39577,7046939,152.24,Italy,Ugacof (U) Ltd,January,1,1970,2250,2250,1900,109.0683,268.9786,140.67,141.03,122.03,115.73,3540.35,3623.3,3691.56,2250,2150,58.55,54.9566666666667,97.0100933333333,135.75073,3548.48333333333,3599.82333333333,0,0.337819707091103,19.4159836065574
1970-01-01 00:00:00.000002021,August,2650,5150,8000,7250,78.57159,22.4,40.45,3537.04,1.79,1.71,2.54,700990,75.09,636458,65242963,64532,9851281,160.14,Itally,Ugacof (U) Ltd,January,1,1970,2250,2250,1900,42.39708,139.5649,102.3822,152.24,134.78,119.35,3552.31,3552.79,3667.32,2383.33333333333,2275,67.86,59.0466666666667,76.67899,131.782295,3543.23333333333,3578.11,17.7777777777778,-0.429861132615117,7.37880737880738
1970-01-01 00:00:00.000002021,September,2650,5150,8250,7250,138.6157,22.4,43.96,3530.63,1.9,1.84,2.63,585576,66.62,543279,59932844,42297,6685233,170.02,Itally,Ugacof (U) Ltd,January,1,1970,2650,2250,2000,78.57159,109.0683,152.1133,160.14,141.03,119.83,3537.04,3540.35,3662.87,2516.66666666667,2383.33333333333,70.5466666666667,61.23,86.5281233333333,129.532695,3539.99333333333,3556.07,0,-0.181224979078543,-11.2797975762418
1970-01-01 00:00:00.000002021,October,2650,5200,8750,8250,151.3184,23.7,39.03,3579.94,2.1,1.93,3.3,486534,61.43,426148,49469966,60386,11964762,181.57,Itally,Ugacof (U) Ltd,January,1,1970,2650,2250,2250,138.6157,42.39708,268.9786,170.02,152.24,122.03,3530.63,3552.31,3623.3,2650,2450,67.7133333333333,63.1316666666667,122.83523,109.922661666667,3549.20333333333,3548.84333333333,0,1.39663459495898,-7.79045331732213
1970-01-01 00:00:00.000002021,November,2750,5750,10250,9750,123.3238,23.4,59.72,3551.52,2.26,1.96,3.7,524902,71.09,436417,51419295,88485,19669123,195.17,Itally,Ugacof (U) Ltd,January,1,1970,2650,2650,2250,151.3184,78.57159,139.5649,181.57,160.14,134.78,3579.94,3537.04,3552.79,2683.33333333333,2533.33333333333,66.38,67.12,137.752633333333,107.215811666667,3554.03,3548.63166666667,3.77358490566038,-0.793868053654534,15.7252156926583
1970-01-01 00:00:00.000002021,December,3100,6350,12000,10500,109.1057,23.3,57.21,3554.99,2.34,2.63,3.95,536889,75.25,452588,55260077,84301,19994349,203.06,Itally,Ugacof (U) Ltd,January,1,1970,2750,2650,2250,123.3238,138.6157,109.0683,195.17,170.02,141.03,3551.52,3530.63,3540.35,2833.33333333333,2675,69.2566666666667,69.9016666666667,127.915966666667,107.222045,3562.15,3551.07166666667,12.7272727272727,0.0977046447718122,5.85173723449148
1970-01-01 00:00:00.000002022,January,3100,7000,12000,10500,54.36834,23.2,49.74,3528.83,2.57,2.12,4.2,402212,61.98,315265,40069758,86947,21913631,204.29,Itally,Ideal Quality,January,1,1970,3100,2650,2250,109.1057,151.3184,42.39708,203.06,181.57,152.24,3554.99,3579.94,3552.31,2983.33333333333,2816.66666666667,69.44,68.5766666666667,95.59928,109.217255,3545.11333333333,3547.15833333333,0,-0.735867048852457,-17.6345514950166
1970-01-01 00:00:00.000002022,February,2950,6750,11500,9500,166.1478,24.1,50.4,3514.51,2.68,2.17,4.51,448957,72.17,351944,45902734,97013,26266003,210.89,Itally,Ugacof (U) Ltd,January,1,1970,3100,2750,2650,54.36834,123.3238,78.57159,204.29,195.17,160.14,3528.83,3551.52,3537.04,3050,2866.66666666667,69.8,68.09,109.873946666667,123.81329,3532.77666666667,3543.40333333333,-4.83870967741935,-0.405800222736707,16.4407873507583
1970-01-01 00:00:00.000002022,March,2750,6550,10500,9500,98.3445,24.5,59.47,3589.84,2.82,2.26,4.52,478023,80.99,360229,48941601,117794,32047411,194.78,Itally,Ugacof (U) Ltd,January,1,1970,2950,3100,2650,166.1478,109.1057,138.6157,210.89,203.06,170.02,3514.51,3554.99,3530.63,2933.33333333333,2883.33333333333,71.7133333333333,70.485,106.28688,117.101423333333,3544.39333333333,3553.27166666667,-6.77966101694916,2.14339979115155,12.2211445198836
1970-01-01 00:00:00.000002022,April,2750,6550,10500,9500,227.1627,24.3,64,3541.46,2.9,2.26,4.29,407762,70.85,277244,37237212,130518,33610626,198.37,Itally,Kawacom (U) Ltd,January,1,1970,2750,3100,2650,98.3445,54.36834,151.3184,194.78,204.29,181.57,3589.84,3528.83,3579.94,2816.66666666667,2900,74.67,72.055,163.885,129.74214,3548.60333333333,3546.85833333333,0,-1.3476923762619,-12.5200642054575
1970-01-01 00:00:00.000002022,May,2600,6450,10500,9500,169.0193,23.3,51.25,3633.07,2.67,2.25,4.09,455166,73.01,350312,47307162,104854,25707381,193.71,Itally,Ugacof (U) Ltd,January,1,1970,2750,2950,2750,227.1627,166.1478,123.3238,198.37,210.89,195.17,3541.46,3514.51,3551.52,2700,2875,74.95,72.375,164.842166666667,137.358056666667,3588.12333333333,3560.45,-5.45454545454546,2.58678624070299,3.04869442484124
1970-01-01 00:00:00.000002022,June,2600,6450,10500,9500,28.8829,22.6,41.02,3747.38,2.63,2.29,4.41,530365,83.79,444197,60976382,86168,22818322,202.46,Itally,Ugacof (U) Ltd,January,1,1970,2600,2750,3100,169.0193,98.3445,109.1057,193.71,194.78,203.06,3633.07,3589.84,3554.99,2650,2791.66666666667,75.8833333333333,73.7983333333333,141.6883,123.98759,3640.63666666667,3592.515,0,3.14637482900138,14.7651006711409
1970-01-01 00:00:00.000002022,July,2250,6250,10500,9500,44.15952,22.3,31.08,3791.59,2.41,2.46,4.14,576468,83.52,528235,71530971,48233,11990679,190.82,Itally,Ugacof (U) Ltd,January,1,1970,2600,2750,3100,28.8829,227.1627,54.36834,202.46,198.37,204.29,3747.38,3541.46,3528.83,2483.33333333333,2650,80.1066666666667,77.3883333333333,80.68724,122.28612,3724.01333333333,3636.30833333333,-13.4615384615385,1.17975759063667,-0.322234156820633
1970-01-01 00:00:00.000002022,August,2700,7050,11500,10500,122.0666,23,30.68,3832.45,2.37,2.2,4.05,501054,71.15,456271,60257882,44783,10894327,200.11,Itally,Ugacof (U) Ltd,January,1,1970,2250,2600,2950,44.15952,169.0193,166.1478,190.82,193.71,210.89,3791.59,3633.07,3514.51,2516.66666666667,2608.33333333333,79.4866666666667,77.2183333333333,65.03634,114.939253333333,3790.47333333333,3689.29833333333,20,1.07764816343539,-14.8108237547893
1970-01-01 00:00:00.000002022,September,2700,7050,11500,10500,182.4922,22.6,47.7,3825.33,2.36,2.23,3.8,503695,71.22,464118,62193902,39577,9030929,199.63,Itally,Ugacof (U) Ltd,January,1,1970,2700,2600,2750,122.0666,28.8829,98.3445,200.11,202.46,194.78,3832.45,3747.38,3589.84,2550,2600,75.2966666666667,75.59,116.23944,128.96387,3816.45666666667,3728.54666666667,0,-0.185781941055985,0.0983836964160156
1970-01-01 00:00:00.000002022,October,2600,6550,10500,9500,99.93818,23.9,53.1,3822.27,2.45,2.23,3.94,457244,67.1,398592,53248899,58652,13850603,178.54,Itally,Ugacof (U) Ltd,January,1,1970,2700,2250,2750,182.4922,44.15952,227.1627,199.63,190.82,198.37,3825.33,3791.59,3541.46,2666.66666666667,2575,69.8233333333333,74.965,134.832326666667,107.759783333333,3826.68333333333,3775.34833333333,-3.70370370370371,-0.0799930986346231,-5.78489188430217
1970-01-01 00:00:00.000002022,November,2400,6400,9500,8500,279.2714,23,67.28,3760.23,2.39,2.07,3.8,447162,64.1,364875,45378404,82287,18760200,156.66,Itally,Ugacof (U) Ltd,January,1,1970,2600,2700,2600,99.93818,122.0666,169.0193,178.54,200.11,193.71,3822.27,3832.45,3633.07,2566.66666666667,2541.66666666667,67.4733333333333,73.48,187.233926666667,126.135133333333,3802.61,3796.54166666667,-7.69230769230769,-1.62311924589315,-4.47093889716841
1970-01-01 00:00:00.000002022,December,2450,6150,9500,8500,244.2282,23,54.86,3690.86,2.37,2.04,3.62,418829,39.54,331476,40551740,87353,18986350,157.19,Itally,Ugacof (U) Ltd,January,1,1970,2400,2700,2600,279.2714,182.4922,28.8829,156.66,199.63,202.46,3760.23,3825.33,3747.38,2483.33333333333,2516.66666666667,56.9133333333333,66.105,207.812593333333,162.026016666667,3757.78666666667,3787.12166666667,2.08333333333333,-1.8448339596248,-38.3151326053042
1970-01-01 00:00:00.000002023,January,2200,5900,8500,7500,31.28393,23.4,59.03,3693.61,2.27,2,3.62,494226,67.35,412282,49567361,81944,1783581,156.95,Itally,Ugacof (U) Ltd,January,1,1970,2450,2600,2250,244.2282,99.93818,44.15952,157.19,178.54,190.82,3690.86,3822.27,3791.59,2350,2508.33333333333,56.9966666666667,63.41,184.927843333333,159.880085,3714.9,3770.79166666667,-10.2040816326531,0.0745083801607205,70.3338391502276
1970-01-01 00:00:00.000002023,February,2450,6450,9000,8000,64.52383,24.4,53.59,3685.72,2.3,2,3.37,478646,66.03,373559,44751116,105087,21274878,174.77,Itally,Kawacom (U) Ltd,January,1,1970,2200,2400,2700,31.28393,279.2714,122.0666,156.95,156.66,200.11,3693.61,3760.23,3832.45,2366.66666666667,2466.66666666667,57.64,62.5566666666667,113.34532,150.289623333333,3690.06333333333,3746.33666666667,11.3636363636364,-0.213612157212062,-1.95991091314031
1970-01-01 00:00:00.000002023,March,2500,6750,8850,7750,274.0123,23.2,56.61,3744.52,2.44,2.1,3.47,365613,71.54,365613,46099324,122184,25443744,170.03,Itally,Ugacof (U) Ltd,January,1,1970,2450,2450,2700,64.52383,244.2282,182.4922,174.77,157.19,199.63,3685.72,3690.86,3825.33,2383.33333333333,2433.33333333333,68.3066666666667,62.61,123.273353333333,165.542973333333,3707.95,3732.86833333333,2.04081632653061,1.5953463638041,8.34469180675452
1970-01-01 00:00:00.000002023,April,2900,7050,9150,8050,291.8411,22.9,65.75,3745.82,2.68,2.2,3.52,373610,59.99,238636,31495658,134974,38494406,178.57,Itally,Ugacof (U) Ltd,January,1,1970,2500,2200,2600,274.0123,31.28393,99.93818,170.03,156.95,178.54,3744.52,3693.61,3822.27,2616.66666666667,2483.33333333333,65.8533333333333,61.425,210.125743333333,197.526793333333,3725.35333333333,3720.12666666667,16,0.0347174003610729,-16.1448140900196
1970-01-01 00:00:00.000002023,May,3750,7750,7250,8250,93.50117,22.5,50.7,3729.55,2.68,2.32,3.68,453169,73.26,328151,45627901,125018,27631317,175.48,Itally,Ugacof (U) Ltd,January,1,1970,2900,2450,2400,291.8411,64.52383,279.2714,178.57,174.77,156.66,3745.82,3685.72,3760.23,3050,2708.33333333333,68.2633333333333,62.9516666666667,219.784856666667,166.565088333333,3739.96333333333,3715.01333333333,29.3103448275862,-0.434350823050755,22.120353392232
1970-01-01 00:00:00.000002023,June,4250,8250,10500,9750,110.1314,22.1,36.97,3707.79,2.68,2.51,3.75,563832,90.56,489597,73879133,74235,16683221,171.25,Itally,Ugacof (U) Ltd,January,1,1970,3750,2500,2450,93.50117,274.0123,244.2282,175.48,170.03,157.19,3729.55,3744.52,3690.86,3633.33333333333,3008.33333333333,74.6033333333333,71.455,165.15789,144.215621666667,3727.72,3717.835,13.3333333333333,-0.583448405303599,23.6145236145236
1970-01-01 00:00:00.000002023,July,4000,8000,10250,9250,35.16254,22,31.32,3661.23,2.27,2.63,3.5,645832,104.99,586871,92589878,58961,12397949,158.88,Itally,Ugacof (U) Ltd,January,1,1970,4250,2900,2200,110.1314,291.8411,31.28393,171.25,178.57,156.95,3707.79,3745.82,3693.61,4000,3308.33333333333,89.6033333333333,77.7283333333333,79.59837,144.862056666667,3699.52333333333,3712.43833333333,-5.88235294117647,-1.25573454807311,15.9341872791519
1970-01-01 00:00:00.000002023,August,4000,8000,10250,9250,43.89989,21.6,30.91,3689.12,2.73,2.69,3.14,743517,121.64,689261,111414543,54256,10222891,154.53,Itally,Ugacof (U) Ltd,January,1,1970,4000,3750,2450,35.16254,93.50117,64.52383,158.88,175.48,174.77,3661.23,3729.55,3685.72,4083.33333333333,3566.66666666667,105.73,86.9966666666667,63.06461,141.424733333333,3686.04666666667,3713.005,0,0.761765854644469,15.8586532050672
1970-01-01 00:00:00.000002023,September,4000,7900,9250,8250,159.0672,22.6,34.08,3738.02,2.73,2.73,3.11,577073,94.39,543361,88090937,33712,6294174,153.13,Itally,Ugacof (U) Ltd,January,1,1970,4000,4250,2500,43.89989,110.1314,274.0123,154.53,171.25,170.03,3689.12,3707.79,3744.52,4000,3816.66666666667,107.006666666667,90.805,79.3765433333334,122.267216666667,3696.12333333333,3711.92166666667,0,1.32551936505183,-22.4021703387044
1970-01-01 00:00:00.000002023,October,3900,7650,9250,8250,178.2283,23.6,49.52,3755.63,2.73,2.72,3.36,470080,78.92,410113,66865376,59967,12097008,151.94,Itally,Kyagalanyi Coffee Ltd,January,1,1970,4000,4000,2900,159.0672,35.16254,291.8411,153.13,158.88,178.57,3738.02,3661.23,3745.82,3966.66666666667,3983.33333333333,98.3166666666667,93.96,127.06513,103.33175,3727.59,3713.55666666667,-2.5,0.471105023515128,-16.3894480347494
1970-01-01 00:00:00.000002023,November,3750,8000,9500,8500,391.2958,24.2,60.43,3782.03,2.77,2.62,3.36,425526,70.68,338329,53116779,87197,17565685,161.53,Itally,Kyagalanyi Coffee Ltd,January,1,1970,3900,4000,3750,178.2283,43.89989,93.50117,151.94,154.53,175.48,3755.63,3689.12,3729.55,3883.33333333333,3983.33333333333,81.33,93.53,242.863766666667,152.964188333333,3758.56,3722.30333333333,-3.84615384615384,0.702944645771808,-10.4409528636594
1970-01-01 00:00:00.000002023,December,4050,8750,10250,9250,121.948,24.2,54.27,3780.66,2.74,2.61,3.39,401336,65.94,337026,52843493,64310,13096376,175.73,Itally,Louis Dreyfus Company,January,1,1970,3750,4000,4250,391.2958,159.0672,110.1314,161.53,153.13,171.25,3782.03,3738.02,3707.79,3900,3950,71.8466666666667,89.4266666666667,230.4907,154.933621666667,3772.77333333333,3734.44833333333,8.00000000000001,-0.036223932649937,-6.70628183361631
1970-01-01 00:00:00.000002024,January,4250,9750,10500,9750,160.3873,23.8,54.71,3805.03,2.96,2.82,3.71,481586,85.57,403508,68167263,78078,17399152,176.41,Itally,Ugacof (U) Ltd,January,1,1970,4050,3900,4000,121.948,178.2283,35.16254,175.73,151.94,158.88,3780.66,3755.63,3661.23,4016.66666666667,3991.66666666667,74.0633333333333,86.19,224.5437,175.804415,3789.24,3758.415,4.93827160493827,0.64459644612318,29.7694874127995
1970-01-01 00:00:00.000002024,February,5250,10500,11500,10500,124.6,25.3,53.83,3873.59,3.17,3.07,3.75,434582,82.56,372407,68583029,62175,13981373,176.41,Itally,Olam Uganda Ltd,January,1,1970,4250,3750,4000,160.3873,391.2958,43.89989,176.41,161.53,154.53,3805.03,3782.03,3689.12,4516.66666666667,4200,78.0233333333333,79.6766666666667,135.6451,189.254433333333,3819.76,3789.16,23.5294117647059,1.80182547837993,-3.51758793969849
1970-01-01 00:00:00.000002024,March,5100,10750,11500,10500,82.0815,25.5,64.07,3895.78,3.27,3.13,3.67,329686,64.74,244975,46011274,84711,18723744,176.41,Itally,Kyagalanyi (U) Ltd,January,1,1970,5250,4050,4000,124.6,121.948,159.0672,176.41,175.73,153.13,3873.59,3780.66,3738.02,4866.66666666667,4383.33333333333,77.6233333333333,74.735,122.356266666667,176.423483333333,3858.13333333333,3815.45333333333,-2.85714285714286,0.572853606086343,-21.5843023255814
1970-01-01 00:00:00.000002024,April,5750,12250,12750,11750,237.5418,24.3,64.7,3822.69,3.62,3.53,3.85,390977,84.8,290037,61489234,100940,23314795,176.41,Itally,Olam Uganda Ltd,January,1,1970,5100,4250,3900,82.0815,160.3873,178.2283,176.41,176.41,151.94,3895.78,3805.03,3755.63,5366.66666666667,4691.66666666667,77.3666666666667,75.715,148.074433333333,186.309066666667,3864.02,3826.63,12.7450980392157,-1.87613263582647,30.9854803830707
1970-01-01 00:00:00.000002024,May,5400,10500,11500,10500,49.83354,21.6,64.04,3791.4,3.83,3.8,4.05,553529,127.3,437693,107916091,79836,19384753,176.41,Itally,Ugacof (U) Ltd,January,1,1970,5750,5250,3750,237.5418,124.6,391.2958,176.41,176.41,161.53,3822.69,3873.59,3782.03,5416.66666666667,4966.66666666667,92.28,85.1516666666667,123.15228,129.39869,3836.62333333333,3828.19166666667,-6.08695652173913,-0.818533545749201,50.1179245283019
1970-01-01 00:00:00.000002024,June,5650,12250,12750,11500,45.41605,22.5,68.36,3747.19,4.06,4.07,3.94,667037,162.36,614486,149949090,52551,12415084,176.41,Itally,Ugacof (U) Ltd,January,1,1970,5400,5100,4050,49.83354,82.0815,121.948,176.41,176.41,175.73,3791.4,3895.78,3780.66,5600,5233.33333333333,124.82,101.221666666667,110.930463333333,116.643365,3787.09333333333,3822.61333333333,4.62962962962963,-1.16606003059556,27.541241162608
1970-01-01 00:00:00.000002024,July,5900,12000,12750,11000,123.3344,22.8,62.65,3705.85,4.27,4.27,4.23,821593,210.48,722444,197997569,49149,12481044,176.41,Itally,Ugacof (U) Ltd,January,1,1970,5650,5750,4250,45.41605,237.5418,160.3873,176.41,176.41,176.41,3747.19,3822.69,3805.03,5650,5508.33333333333,166.713333333333,122.04,72.86133,110.467881666667,3748.14666666667,3806.08333333333,4.42477876106195,-1.10322668452895,29.6378418329638
1970-01-01 00:00:00.000002024,August,6250,12500,12750,11500,94.13236,23,56.56,3723.65,4.41,4.42,4.3,837915,221.63,785667,208138678,52248,13494978,176.41,Itally,Ugacof (U) Ltd,January,1,1970,5900,5400,5250,123.3344,49.83354,124.6,176.41,176.41,176.41,3705.85,3791.4,3873.59,5933.33333333333,5675,198.156666666667,145.218333333333,87.6276033333334,105.389941666667,3725.56333333333,3781.09333333333,5.93220338983052,0.480321653601745,5.2974154313949
1970-01-01 00:00:00.000002024,September,6750,12750,12750,11500,85.91017,23,62.16,3711.31,4.53,4.53,4.53,532212,144.71,504576,137195402,27636,7512674,176.41,Itally,Olam Uganda Ltd,January,1,1970,6250,5650,5100,94.13236,45.41605,82.0815,176.41,176.41,176.41,3723.65,3747.19,3895.78,6300,5950,192.273333333333,158.546666666667,101.125643333333,106.028053333333,3713.60333333333,3750.34833333333,8.00000000000001,-0.331395270769275,-34.7064928033208
1970-01-01 00:00:00.000002024,October,6500,12500,12500,11500,163.5158,23.1,76.18,3667.93,4.66,4.64,4.96,496820,139.04,457853,127457821,38967,11589391,176.41,Itally,Ugacof (U) Ltd,January,1,1970,6750,5900,5750,85.91017,123.3344,237.5418,176.41,176.41,176.41,3711.31,3705.85,3822.69,6500,6075,168.46,167.586666666667,114.519443333333,93.6903866666667,3700.96333333333,3724.555,-3.70370370370371,-1.16885951321771,-3.91818118996615
1970-01-01 00:00:00.000002024,November,6500,12500,12500,11500,334.4308,23.3,74.96,3678.65,4.53,4.64,4.99,400536,108.91,342982,91662754,57554,17248140,176.41,Itally,Ugacof (U) Ltd,January,1,1970,6500,6250,5400,163.5158,94.13236,49.83354,176.41,176.41,176.41,3667.93,3723.65,3791.4,6583.33333333333,6258.33333333333,130.886666666667,164.521666666667,194.618923333333,141.123263333333,3685.96333333333,3705.76333333333,0,0.292262938496646,-21.6700230149597
1970-01-01 00:00:00.000002024,December,6500,12500,12500,11500,90.15173,23.2,64.41,3664.08,4.64,4.55,5.33,413079,114.03,365853,99910582,47226,15115114,176.41,Itally,Ugacof (U) Ltd,January,1,1970,6500,6750,5650,334.4308,85.91017,45.41605,176.41,176.41,176.41,3678.65,3711.31,3747.19,6500,6400,120.66,156.466666666667,196.032776666667,148.57921,3670.22,3691.91166666667,0,-0.396069210172212,4.7011293728767
1970-01-01 00:00:00.000002025,January,7000,13000,13250,13000,63.85384,24.5,58.74,3688.96,4.47,4.65,5.4,550341,156.5,485999,135665270,64342,20834040,310.12,Itally,Ugacof (U) Ltd,January,1,1970,6500,6500,5900,90.15173,163.5158,123.3344,176.41,176.41,176.41,3664.08,3667.93,3705.85,6666.66666666667,6583.33333333333,126.48,147.47,162.812123333333,138.665783333333,3677.23,3689.09666666667,7.69230769230769,0.679024475448142,37.2445847583969
1970-01-01 00:00:00.000002025,February,7750,15500,14500,13250,19.85459,23.6,50.24,3677.71,5.03,4.83,5.06,555756,167.78,466691,135316273,89065,32358897,354.32,Itally,Ugacof (U) Ltd,January,1,1970,7000,6500,6250,63.85384,334.4308,94.13236,310.12,176.41,176.41,3688.96,3678.65,3723.65,7083.33333333333,6833.33333333333,146.103333333333,138.495,57.9533866666667,126.286155,3676.91666666667,3681.44,10.7142857142857,-0.304964000693964,7.2076677316294
