Month,Year,Robusta_Kiboko_Price,FAQ_Price,Arabica_Parchment_Price,Drugar_Price,Rainfall,Temperature,Average_Relative_Humidity,Exchange_Rate,Average-Export-Price,Export_Price_Robusta,Export_Price_Arabica,Total_Export_Volume,Export_Value,Robusta_Export_Volume,Robusta_Export_Value,Arabica_Export_Volume,Arabica_Export_Value,ICO_Composite_Price,Top_Importing_Country,Top_Exporter_in_Uganda
January,1992,224,442,497,472,35.03382,23.3,66.16,970,0.85,0.81,1.26,171101,8.71,157015,7645211,13003,1067793,61.12,Itally,Kyagalanyi Coffee Ltd
February,1992,207,408,459,436,49.64767,23.8,66.89,985.48,0.85,0.81,1.26,171101,8.71,157015,7645211,13003,1067793,55.51,Itally,Kyagalanyi Coffee Ltd
March,1992,247,489,549,522,54.33682,24.2,70.99,1160.08,0.85,0.81,1.26,171101,8.71,157015,7645211,13003,1067793,56.48,Itally,Kyagalanyi Coffee Ltd
April,1992,235,464,521,495,119.0856,23.7,71.59,1158.91,0.85,0.81,1.26,171101,8.71,157015,7645211,13003,1067793,53.64,Itally,Kyagalanyi Coffee Ltd
May,1992,217,428,481,457,125.3133,22.8,62.59,1164.94,0.85,0.81,1.26,171101,8.71,157015,7645211,13003,1067793,49.27,Itally,Kyagalanyi Coffee Ltd
June,1992,251,494,556,527,108.6029,22.1,59.61,1166.06,0.85,0.81,1.26,171101,8.71,157015,7645211,13003,1067793,48.13,Itally,Kyagalanyi Coffee Ltd
July,1992,210,420,499,536,107.312,22.3,52.31,1177.86,0.85,0.81,1.26,171101,8.71,157015,7645211,13003,1067793,48.70,Itally,Kyagalanyi Coffee Ltd
August,1992,220,440,500,510,41.881,22.3,64.18,1185.29,0.85,0.81,1.26,171101,8.71,157015,7645211,13003,1067793,45.89,Itally,Kyagalanyi Coffee Ltd
September,1992,215,400,502,523,126.1728,23.2,65.86,1185.15,0.85,0.81,1.26,171101,8.71,157015,7645211,13003,1067793,47.11,Itally,Kyagalanyi Coffee Ltd
October,1992,225,450,510,585,140.0685,23.5,67.15,1181.07,0.85,0.81,1.26,171101,8.71,157015,7645211,13003,1067793,52.88,Itally,Kyagalanyi Coffee Ltd
November,1992,250,500,550,644,181.3497,23.2,68.28,1196.34,0.85,0.81,1.26,171101,8.71,157015,7645211,13003,1067793,57.49,Itally,Kyagalanyi Coffee Ltd
December,1992,300,600,563,728,140.5184,23.8,67.78,1213.93,0.85,0.81,1.26,171101,8.71,157015,7645211,13003,1067793,64.00,Itally,Kyagalanyi Coffee Ltd
January,1993,300,600,606,602,68.11752,24.3,63.38,1217.12,0.87,0.82,1.22,174054,9.06,153459,7548012,22467,1509820,58.14,Itally,Ugacof (U) Ltd
February,1993,270,540,605,593,88.01113,24.7,66.46,1217.09,0.87,0.82,1.22,174054,9.06,153459,7548012,22467,1509820,57.32,Itally,Ugacof (U) Ltd
March,1993,280,560,605,567,127.4345,24.5,67.35,1217.52,0.87,0.82,1.22,174054,9.06,153459,7548012,22467,1509820,54.76,Itally,Ugacof (U) Ltd
April,1993,270,540,607,529,171.4105,23.3,75.78,1218.09,0.87,0.82,1.22,174054,9.06,153459,7548012,22467,1509820,51.38,Itally,Ugacof (U) Ltd
May,1993,275,550,597,560,151.461,22.7,69.36,1213.27,0.87,0.82,1.22,174054,9.06,153459,7548012,22467,1509820,54.18,Itally,Ugacof (U) Ltd
June,1993,270,540,600,555,49.86246,22.5,63.26,1199.09,0.87,0.82,1.22,174054,9.06,153459,7548012,22467,1509820,54.54,Itally,Ugacof (U) Ltd
July,1993,300,600,608,631,27.89451,21.4,50.11,1197.57,0.87,0.82,1.22,174054,9.06,153459,7548012,22467,1509820,60.61,Itally,Ugacof (U) Ltd
August,1993,320,640,645,685,63.33907,22.1,50.41,1196.65,0.87,0.82,1.22,174054,9.06,153459,7548012,22467,1509820,67.69,Itally,Ugacof (U) Ltd
September,1993,350,700,700,616,117.9563,22.0,57.84,1181.988,0.87,0.82,1.22,174054,9.06,153459,7548012,22467,1509820,71.64,Itally,Ugacof (U) Ltd
October,1993,350,800,773,676,76.55813,22.8,71.17,1170.837,0.87,0.82,1.22,174054,9.06,153459,7548012,22467,1509820,67.78,Itally,Ugacof (U) Ltd
November,1993,325,650,775,699,148.0802,22.5,74.72,1165.009,0.87,0.82,1.22,174054,9.06,153459,7548012,22467,1509820,70.03,Itally,Ugacof (U) Ltd
December,1993,400,900,770,713,101.0854,22.4,75.39,1146.003,0.87,0.82,1.22,174054,9.06,153459,7548012,22467,1509820,71.50,Itally,Ugacof (U) Ltd
January,1994,500,900,950,653,59.93845,22.3,70.28,1112.71,1.52,1.30,2.54,250434,22.81,205997,16025593,44437,6779311,69.17,Itally,Kyagalanyi Coffee Ltd
February,1994,600,1100,1200,654,88.70426,22.6,65.63,1047.222,1.52,1.30,2.54,250434,22.81,205997,16025593,44427,6779311,72.37,Itally,Kyagalanyi Coffee Ltd
March,1994,650,1200,1350,717,169.61,23.4,69.65,1079.223,1.52,1.30,2.54,250434,22.81,205997,16025593,44427,6779311,76.11,Itally,Kyagalanyi Coffee Ltd
April,1994,650,1200,1450,708,187.3833,22.2,78.74,1007.032,1.52,1.30,2.54,250434,22.81,205997,16025593,44427,6779311,81.19,Itally,Kyagalanyi Coffee Ltd
May,1994,700,1200,1450,906,215.9971,21.7,63.90,965.708,1.52,1.30,2.54,250434,22.81,205997,16025593,44427,6779311,108.42,Itally,Kyagalanyi Coffee Ltd
June,1994,650,1300,1550,1045,86.93786,21.5,54.54,962.59,1.52,1.30,2.54,250434,22.81,205997,16025593,44427,6779311,127.91,Itally,Kyagalanyi Coffee Ltd
July,1994,950,1900,1600,1751,104.9846,21.5,50.01,967.065,1.52,1.30,2.54,250434,22.81,205997,16025593,44427,6779311,191.44,Itally,Kyagalanyi Coffee Ltd
August,1994,1100,2200,1900,1593,121.3022,22.0,43.89,921.379,1.52,1.30,2.54,250434,22.81,205997,16025593,44427,6779311,181.53,Itally,Kyagalanyi Coffee Ltd
September,1994,1000,2150,2000,1728,139.5468,22.0,56.34,920.792,1.52,1.30,2.54,250434,22.81,205997,16025593,44427,6779311,202.39,Itally,Kyagalanyi Coffee Ltd
October,1994,750,1650,1800,1623,131.8231,22.8,60.26,919.781,1.52,1.30,2.54,250434,22.81,205997,16025593,44427,6779311,185.64,Itally,Kyagalanyi Coffee Ltd
November,1994,825,1925,2100,1476,281.5123,22.7,70.07,920.138,1.52,1.30,2.54,250434,22.81,205997,16025593,44427,6779311,168.12,Itally,Kyagalanyi Coffee Ltd
December,1994,800,1600,1900,1305,129.9981,22.6,64.73,929.75,1.52,1.30,2.54,250434,22.81,205997,16025593,44427,6779311,149.14,Itally,Kyagalanyi Coffee Ltd
January,1995,850,1700,1650,,27.14896,23.0,60.57,925.04,2.58,2.47,3.08,232646,36.04,190342,28230196,44437,7810980,152.08,Itally,Ugacof (U) Ltd
February,1995,900,1800,1500,,91.49809,23.8,72.39,925.528,2.58,2.47,3.08,232646,36.04,190342,28230196,44437,7810980,152.24,Itally,Ugacof (U) Ltd
March,1995,800,1750,1475,,180.6191,23.2,70.55,927.035,2.58,2.47,3.08,232646,36.04,190342,28230196,44437,7810980,162.73,Itally,Ugacof (U) Ltd
April,1995,775,1700,1475,,273.3623,23.1,69.91,928.828,2.58,2.47,3.08,232646,36.04,190342,28230196,44437,7810980,159.59,Itally,Ugacof (U) Ltd
May,1995,825,1750,1500,,170.3977,23.0,65.36,941.02,2.58,2.47,3.08,232646,36.04,190342,28230196,44437,7810980,155.96,Itally,Ugacof (U) Ltd
June,1995,900,1800,1550,,54.17759,22.4,54.42,964.81,2.58,2.47,3.08,232646,36.04,190342,28230196,44437,7810980,141.66,Itally,Ugacof (U) Ltd
July,1995,950,1900,1550,,114.4236,21.8,53.44,968.93,2.58,2.47,3.08,232646,36.04,190342,28230196,44437,7810980,132.71,Itally,Ugacof (U) Ltd
August,1995,900,1850,1435,,25.01608,22.1,58.85,970.03,2.58,2.47,3.08,232646,36.04,190342,28230196,44437,7810980,141.70,Itally,Ugacof (U) Ltd
September,1995,750,1600,1435,,173.7997,22.4,62.58,977.7,2.58,2.47,3.08,232646,36.04,190342,28230196,44437,7810980,124.76,Itally,Ugacof (U) Ltd
October,1995,725,1680,1365,,245.805,23.0,69.81,1043.38,2.58,2.47,3.08,232646,36.04,190342,28230196,44437,7810980,120.02,Itally,Ugacof (U) Ltd
November,1995,825,1730,1265,,148.1049,23.0,72.17,1028.3,2.58,2.47,3.08,232646,36.04,190342,28230196,44437,7810980,117.99,Itally,Ugacof (U) Ltd
December,1995,718,1380,1220,,73.80991,23.1,67.36,1023.25,2.58,2.47,3.08,232646,36.04,190342,28230196,44437,7810980,99.57,Itally,Ugacof (U) Ltd
January,1996,600,1350,1000,,162.7694,23.2,72.83,1017.72,1.56,1.53,1.89,345734,32.50,313529,28761398,32205,3648282,100.33,Itally,Kyagalanyi Coffee Ltd
February,1996,700,1400,1300,,163.683,24.1,71.49,1022.37,1.56,1.53,1.89,345734,32.50,313529,28761398,32205,3648282,110.50,Itally,Kyagalanyi Coffee Ltd
March,1996,700,1450,1300,,214.612,24.3,70.16,1016.6,1.56,1.53,1.89,345734,32.50,313529,28761398,32205,3648282,105.89,Itally,Kyagalanyi Coffee Ltd
April,1996,650,1450,1325,,164.9203,23.1,76.31,1013.56,1.56,1.53,1.89,345734,32.50,313529,28761398,32205,3648282,107.09,Itally,Kyagalanyi Coffee Ltd
May,1996,600,1350,1250,,171.7828,22.6,67.15,1018,1.56,1.53,1.89,345734,32.50,313529,28761398,32205,3648282,110.24,Itally,Kyagalanyi Coffee Ltd
June,1996,550,1325,1300,,111.9152,22.3,55.51,1041.36,1.56,1.53,1.89,345734,32.50,313529,28761398,32205,3648282,105.79,Itally,Kyagalanyi Coffee Ltd
July,1996,500,1200,1325,,86.97577,21.5,50.08,1055.44,1.56,1.53,1.89,345734,32.50,313529,28761398,32205,3648282,99.97,Itally,Kyagalanyi Coffee Ltd
August,1996,450,1000,1250,,106.0924,21.7,58.94,1067.44,1.56,1.53,1.89,345734,32.50,313529,28761398,32205,3648282,102.73,Itally,Kyagalanyi Coffee Ltd
September,1996,500,1100,1300,,198.1356,22.0,60.34,1074.97,1.56,1.53,1.89,345734,32.50,313529,28761398,32205,3648282,96.52,Itally,Kyagalanyi Coffee Ltd
October,1996,450,900,1150,,105.4201,23.0,68.45,1105.05,1.56,1.53,1.89,345734,32.50,313529,28761398,32205,3648282,98.56,Itally,Kyagalanyi Coffee Ltd
November,1996,400,850,1100,,275.6524,22.4,69.98,1081.48,1.56,1.53,1.89,345734,32.50,313529,28761398,32205,3648282,97.14,Itally,Kyagalanyi Coffee Ltd
December,1996,350,800,1050,,90.37079,22.7,74.24,1030.35,1.56,1.53,1.89,345734,32.50,313529,28761398,32205,3648282,90.04,Itally,Kyagalanyi Coffee Ltd
January,1997,550,1150,1350,,149.746,23.1,70.13,1044.85,1.40,1.27,2.46,353093,29.59,315751,24071576,37342,5522311,100.03,Itally,Ugacof (U) Ltd
February,1997,650,1400,1650,,16.62927,24.2,68.12,1033.111,1.40,1.27,2.46,353093,29.59,315751,24071576,37342,5522311,121.89,Itally,Ugacof (U) Ltd
March,1997,600,1325,1550,,123.4272,24.1,68.91,1024.954,1.40,1.27,2.46,353093,29.59,315751,24071576,37342,5522311,137.47,Itally,Ugacof (U) Ltd
April,1997,700,1400,1750,,295.2634,23.6,71.56,1046.46238095238,1.40,1.27,2.46,353093,29.59,315751,24071576,37342,5522311,142.20,Itally,Ugacof (U) Ltd
May,1997,800,1750,2250,,84.49098,22.6,74.38,1065.298,1.40,1.27,2.46,353093,29.59,315751,24071576,37342,5522311,180.44,Itally,Ugacof (U) Ltd
June,1997,625,1450,1850,,63.12064,22.3,68.28,1067.588,1.40,1.27,2.46,353093,29.59,315751,24071576,37342,5522311,155.38,Itally,Ugacof (U) Ltd
July,1997,600,1500,2350,,76.86362,21.4,56.99,1068.023,1.40,1.27,2.46,353093,29.59,315751,24071576,37342,5522311,135.04,Itally,Ugacof (U) Ltd
August,1997,550,1250,2150,,103.7909,21.4,56.22,1098.168,1.40,1.27,2.46,353093,29.59,315751,24071576,37342,5522311,132.63,Itally,Ugacof (U) Ltd
September,1997,600,1225,2100,,96.08696,22.0,64.58,1117.123,1.40,1.27,2.46,353093,29.59,315751,24071576,37342,5522311,132.51,Itally,Ugacof (U) Ltd
October,1997,550,1250,2000,,203.0873,22.7,74.50,1140.396,1.40,1.27,2.46,353093,29.59,315751,24071576,37342,5522311,121.09,Itally,Ugacof (U) Ltd
November,1997,600,1300,2000,,498.109,22.4,72.83,1147.189,1.40,1.27,2.46,353093,29.59,315751,24071576,37342,5522311,118.16,Itally,Ugacof (U) Ltd
December,1997,650,1350,2050,,341.6729,22.7,74.67,1142.942,1.40,1.27,2.46,353093,29.59,315751,24071576,37342,5522311,130.02,Itally,Ugacof (U) Ltd
January,1998,725,1600,2430,,187.4781,22.7,72.93,1148.06789473684,1.52,1.41,2.40,252695,23.04,224273,18946801,28422,4092719,130.61,Itally,Kyagalanyi Coffee Ltd
February,1998,750,1650,2450,,110.4329,23.3,69.74,1152.522,1.52,1.41,2.40,252695,23.04,224273,18946801,28422,4092719,130.78,Itally,Kyagalanyi Coffee Ltd
March,1998,780,1750,2675,,212.9085,23.3,73.15,1152.385,1.52,1.41,2.40,252695,23.04,224273,18946801,28422,4092719,119.93,Itally,Kyagalanyi Coffee Ltd
April,1998,860,1765,2200,,248.174,23.4,72.62,1174.507,1.52,1.41,2.40,252695,23.04,224273,18946801,28422,4092719,119.66,Itally,Kyagalanyi Coffee Ltd
May,1998,845,1690,2150,,125.5296,22.5,63.17,1223.476,1.52,1.41,2.40,252695,23.04,224273,18946801,28422,4092719,114.23,Itally,Kyagalanyi Coffee Ltd
June,1998,725,1500,1890,,47.94849,22.4,59.80,1231.022,1.52,1.41,2.40,252695,23.04,224273,18946801,28422,4092719,103.84,Itally,Kyagalanyi Coffee Ltd
July,1998,650,1400,1900,,28.83196,21.8,58.45,1235.018,1.52,1.41,2.40,252695,23.04,224273,18946801,28422,4092719,97.32,Itally,Kyagalanyi Coffee Ltd
August,1998,700,1550,1800,,93.55323,22.4,55.81,1244.374,1.52,1.41,2.40,252695,23.04,224273,18946801,28422,4092719,101.25,Itally,Kyagalanyi Coffee Ltd
September,1998,750,1700,1750,,129.051,22.0,62.99,1284.843,1.52,1.41,2.40,252695,23.04,224273,18946801,28422,4092719,95.82,Itally,Kyagalanyi Coffee Ltd
October,1998,600,1250,2100,,87.20749,22.2,70.45,1314.185,1.52,1.41,2.40,252695,23.04,224273,18946801,28422,4092719,95.01,Itally,Kyagalanyi Coffee Ltd
November,1998,620,1300,2150,,196.4363,24.2,72.24,1353.82,1.52,1.41,2.40,252695,23.04,224273,18946801,28422,4092719,98.26,Itally,Kyagalanyi Coffee Ltd
December,1998,600,1300,2150,,38.85558,22.7,69.38,1368.443,1.52,1.41,2.40,252695,23.04,224273,18946801,28422,4092719,100.73,Itally,Kyagalanyi Coffee Ltd
January,1999,630,1420,2010,,144.0286,23.3,70.18,1369.20666666667,1.29,1.26,1.64,303999,23.58,274295,20655758,29704,2927201,97.62,Itally,Ugacof (U) Ltd
February,1999,650,1425,1940,,63.00804,23.9,67.98,1377.346,1.29,1.26,1.64,303999,23.58,274295,20655758,29704,2927201,92.36,Itally,Ugacof (U) Ltd
March,1999,615,1450,1780,,286.7776,24.0,70.31,1381.159,1.29,1.26,1.64,303999,23.58,274295,20655758,29704,2927201,89.40,Itally,Ugacof (U) Ltd
April,1999,625,1600,1650,,248.3843,23.0,72.52,1449.73,1.29,1.26,1.64,303999,23.58,274295,20655758,29704,2927201,85.71,Itally,Ugacof (U) Ltd
May,1999,575,1450,1650,,204.1646,22.6,68.34,1518.967,1.29,1.26,1.64,303999,23.58,274295,20655758,29704,2927201,89.51,Itally,Ugacof (U) Ltd
June,1999,500,1325,1450,,36.14112,22.1,55.61,1447.221,1.29,1.26,1.64,303999,23.58,274295,20655758,29704,2927201,86.40,Itally,Ugacof (U) Ltd
July,1999,575,1250,1025,,61.20642,21.3,52.75,1454.5068,1.29,1.26,1.64,303999,23.58,274295,20655758,29704,2927201,78.20,Itally,Ugacof (U) Ltd
August,1999,710,1395,1250,,114.5619,22.1,56.76,1463.40090909091,1.29,1.26,1.64,303999,23.58,274295,20655758,29704,2927201,77.22,Itally,Ugacof (U) Ltd
September,1999,700,1325,950,,182.2268,22.4,64.47,1491.668636,1.29,1.26,1.64,303999,23.58,274295,20655758,29704,2927201,71.94,Itally,Ugacof (U) Ltd
October,1999,625,1350,950,,188.2363,22.9,69.42,1507.80428,1.29,1.26,1.64,303999,23.58,274295,20655758,29704,2927201,76.36,Itally,Ugacof (U) Ltd
November,1999,625,1400,1550,,225.3031,22.4,68.44,1503.54272727273,1.29,1.26,1.64,303999,23.58,274295,20655758,29704,2927201,88.22,Itally,Ugacof (U) Ltd
December,1999,600,1400,1600,,181.3551,22.7,70.04,1502.471,1.29,1.26,1.64,303999,23.58,274295,20655758,29704,2927201,95.62,Itally,Ugacof (U) Ltd
January,2000,525,1350,1700,,27.48537,23.2,64.64,1525.751,0.94,0.85,1.36,243105,13.73,199224,10154177,43881,3574982,82.14,Itally,Kyagalanyi Coffee Ltd
February,2000,600,1400,1700,,56.34506,24.0,71.39,1519.426,0.94,0.85,1.36,243105,13.73,199224,10154177,43881,3574982,76.15,Itally,Kyagalanyi Coffee Ltd
March,2000,400,1250,1750,,119.6466,23.9,68.69,1513.676,0.94,0.85,1.36,243105,13.73,199224,10154177,43881,3574982,73.49,Itally,Kyagalanyi Coffee Ltd
April,2000,350,950,1650,,161.8061,23.9,72.32,1525.862,0.94,0.85,1.36,243105,13.73,199224,10154177,43881,3574982,69.53,Itally,Kyagalanyi Coffee Ltd
May,2000,350,1100,1425,,120.3811,22.8,66.73,1579.668,0.94,0.85,1.36,243105,13.73,199224,10154177,43881,3574982,69.23,Itally,Kyagalanyi Coffee Ltd
June,2000,375,950,1400,,56.9806,22.7,56.38,1565.566,0.94,0.85,1.36,243105,13.73,199224,10154177,43881,3574982,64.56,Itally,Kyagalanyi Coffee Ltd
July,2000,425,950,1300,,53.00047,21.8,53.07,1596.415,0.94,0.85,1.36,243105,13.73,199224,10154177,43881,3574982,64.08,Itally,Kyagalanyi Coffee Ltd
August,2000,375,950,1300,,101.0278,22.6,60.84,1676.3,0.94,0.85,1.36,243105,13.73,199224,10154177,43881,3574982,57.58,Itally,Kyagalanyi Coffee Ltd
September,2000,425,950,1300,,106.3567,22.5,67.82,1770.50666666667,0.94,0.85,1.36,243105,13.73,199224,10154177,43881,3574982,57.30,Itally,Kyagalanyi Coffee Ltd
October,2000,300,975,1300,,151.5807,23.1,60.75,1826.594,0.94,0.85,1.36,243105,13.73,199224,10154177,43881,3574982,56.39,Itally,Kyagalanyi Coffee Ltd
November,2000,300,790,1300,,192.9996,23.4,74.85,1850.262,0.94,0.85,1.36,243105,13.73,199224,10154177,43881,3574982,52.17,Itally,Kyagalanyi Coffee Ltd
December,2000,300,725,1500,,141.8491,23.3,72.27,1783.673,0.94,0.85,1.36,243105,13.73,199224,10154177,43881,3574982,48.27,Itally,Kyagalanyi Coffee Ltd
January,2001,325,750,1350,,111.4819,24.1,66.70,1830.43575,0.57,0.51,0.91,256231,8.73,218148,6641997,38083,2089372,49.19,Itally,Ugacof (U) Ltd
February,2001,300,770,1250,,87.13971,24.2,68.36,1742.96631578947,0.57,0.51,0.91,256231,8.73,218148,6641997,38083,2089372,49.38,Itally,Ugacof (U) Ltd
March,2001,325,765,1300,,164.7678,24.0,74.28,1753.78552631579,0.57,0.51,0.91,256231,8.73,218148,6641997,38083,2089372,48.51,Itally,Ugacof (U) Ltd
April,2001,265,665,1200,,226.1655,23.0,72.66,1773.8176,0.57,0.51,0.91,256231,8.73,218148,6641997,38083,2089372,47.31,Itally,Ugacof (U) Ltd
May,2001,280,680,1200,,189.1349,22.7,61.69,1782.684,0.57,0.51,0.91,256231,8.73,218148,6641997,38083,2089372,49.38,Itally,Ugacof (U) Ltd
June,2001,265,680,1200,,81.71742,22.2,59.11,1767.638,0.57,0.51,0.91,256231,8.73,218148,6641997,38083,2089372,46.53,Itally,Ugacof (U) Ltd
July,2001,200,550,900,,81.00552,21.7,47.30,1725.742,0.57,0.51,0.91,256231,8.73,218148,6641997,38083,2089372,43.07,Itally,Ugacof (U) Ltd
August,2001,150,500,950,,122.6762,21.8,49.83,1750.61,0.57,0.51,0.91,256231,8.73,218148,6641997,38083,2089372,42.76,Itally,Ugacof (U) Ltd
September,2001,150,450,950,,208.0298,22.1,68.86,1752.897,0.57,0.51,0.91,256231,8.73,218148,6641997,38083,2089372,41.17,Itally,Ugacof (U) Ltd
October,2001,165,450,850,,219.7489,22.7,66.20,1737.687,0.57,0.51,0.91,256231,8.73,218148,6641997,38083,2089372,42.21,Itally,Ugacof (U) Ltd
November,2001,165,400,800,,255.6524,22.9,78.85,1736.215,0.57,0.51,0.91,256231,8.73,218148,6641997,38083,2089372,44.24,Itally,Ugacof (U) Ltd
December,2001,165,425,850,,89.74838,22.6,74.21,1713.412,0.57,0.51,0.91,256231,8.73,218148,6641997,38083,2089372,43.35,Itally,Ugacof (U) Ltd
January,2002,190,415,850,,136.7197,23.9,71.54,1738.74,0.44,0.40,0.75,262198,6.99,226330,5374735,35869,1620011,43.46,Itally,Ugacof (U) Ltd
February,2002,240,450,1100,,67.29881,23.8,69.67,1741.4375,0.44,0.40,0.75,262198,6.99,226330,5374735,35869,1620011,44.30,Itally,Ugacof (U) Ltd
March,2002,200,680,1200,,212.3657,24.2,67.57,1771.03263157895,0.44,0.40,0.75,262198,6.99,226330,5374735,35869,1620011,49.49,Itally,Ugacof (U) Ltd
April,2002,325,710,1100,,277.405,22.9,74.98,1792.18976190476,0.44,0.40,0.75,262198,6.99,226330,5374735,35869,1620011,50.20,Itally,Ugacof (U) Ltd
May,2002,330,710,1100,,96.1952,22.6,63.35,1797.59159090909,0.44,0.40,0.75,262198,6.99,226330,5374735,35869,1620011,47.30,Itally,Ugacof (U) Ltd
June,2002,310,690,1015,,56.48021,22.4,53.10,1797.173,0.44,0.40,0.75,262198,6.99,226330,5374735,35869,1620011,45.56,Itally,Ugacof (U) Ltd
July,2002,300,595,965,,28.25857,22.0,54.18,1802.83217391304,0.44,0.40,0.75,262198,6.99,226330,5374735,35869,1620011,44.70,Itally,Ugacof (U) Ltd
August,2002,255,640,1075,,38.50067,21.7,52.58,1805.827,0.44,0.40,0.75,262198,6.99,226330,5374735,35869,1620011,42.79,Itally,Ugacof (U) Ltd
September,2002,300,612,1040,,72.07749,23.0,56.22,1812.644,0.44,0.40,0.75,262198,6.99,226330,5374735,35869,1620011,47.96,Itally,Ugacof (U) Ltd
October,2002,280,675,1200,,114.1408,23.2,66.99,1827.1975,0.44,0.40,0.75,262198,6.99,226330,5374735,35869,1620011,50.79,Itally,Ugacof (U) Ltd
November,2002,525,1025,1200,,341.8991,22.2,74.31,1832.319,0.44,0.40,0.75,262198,6.99,226330,5374735,35869,1620011,54.68,Itally,Ugacof (U) Ltd
December,2002,550,1200,1250,,182.8959,23.0,72.00,1845.007,0.44,0.40,0.75,262198,6.99,226330,5374735,35869,1620011,51.69,Itally,Ugacof (U) Ltd
January,2003,600,1250,1175,,78.71955,23.9,63.19,1867.686,0.66,0.61,0.86,221991,8.73,185120,6820328,36871,1911930,54.04,Itally,Kyagalanyi Coffee Ltd
February,2003,530,1035,1225,,52.76048,24.3,63.91,1883.783,0.66,0.61,0.86,221991,8.73,185120,6820328,36871,1911930,54.07,Itally,Kyagalanyi Coffee Ltd
March,2003,600,1180,1150,,146.7835,24.5,63.87,1944.445,0.66,0.61,0.86,221991,8.73,185120,6820328,36871,1911930,49.61,Itally,Kyagalanyi Coffee Ltd
April,2003,600,1200,1200,,179.0013,23.3,72.27,1976.53075,0.66,0.61,0.86,221991,8.73,185120,6820328,36871,1911930,51.87,Itally,Kyagalanyi Coffee Ltd
May,2003,575,1200,1250,,156.4316,22.3,65.27,1997.85,0.66,0.61,0.86,221991,8.73,185120,6820328,36871,1911930,53.19,Itally,Kyagalanyi Coffee Ltd
June,2003,500,1000,1250,,108.276,22.3,59.96,1998.231,0.66,0.61,0.86,221991,8.73,185120,6820328,36871,1911930,48.90,Itally,Kyagalanyi Coffee Ltd
July,2003,500,1000,1225,,105.5043,21.9,48.22,1995.277,0.66,0.61,0.86,221991,8.73,185120,6820328,36871,1911930,50.89,Itally,Kyagalanyi Coffee Ltd
August,2003,537,1075,1200,,129.6286,21.9,47.49,1998.491,0.66,0.61,0.86,221991,8.73,185120,6820328,36871,1911930,52.22,Itally,Kyagalanyi Coffee Ltd
September,2003,525,1100,1150,,87.46956,22.5,53.16,1993.546,0.66,0.61,0.86,221991,8.73,185120,6820328,36871,1911930,54.10,Itally,Kyagalanyi Coffee Ltd
October,2003,525,1200,1350,,176.8496,23.4,68.72,1990.729,0.66,0.61,0.86,221991,8.73,185120,6820328,36871,1911930,51.72,Itally,Kyagalanyi Coffee Ltd
November,2003,425,1035,1350,,188.0626,23.0,71.06,1974.488,0.66,0.61,0.86,221991,8.73,185120,6820328,36871,1911930,49.80,Itally,Kyagalanyi Coffee Ltd
December,2003,500,1065,1350,,192.6629,23.0,69.99,1943.161,0.66,0.61,0.86,221991,8.73,185120,6820328,36871,1911930,52.44,Itally,Kyagalanyi Coffee Ltd
January,2004,600,1350,1600,,132.9757,23.8,67.81,1938.1585,0.76,0.70,1.01,210254,9.64,162029,6884297,45307,2757774,58.68,Itally,Kyagalanyi Coffee Ltd
February,2004,500,1100,1400,,76.20211,24.9,64.95,1865.064,0.76,0.70,1.01,210254,9.64,162029,6884297,45307,2757774,59.87,Itally,Kyagalanyi Coffee Ltd
March,2004,600,1200,1600,,158.2904,24.2,66.14,1926.65068181818,0.76,0.70,1.01,210254,9.64,162029,6884297,45307,2757774,60.80,Itally,Kyagalanyi Coffee Ltd
April,2004,575,1050,1375,,243.8479,23.4,75.15,1918.78225,0.76,0.70,1.01,210254,9.64,162029,6884297,45307,2757774,58.80,Itally,Kyagalanyi Coffee Ltd
May,2004,500,1100,1400,,59.55559,22.9,60.09,1855.53473809524,0.76,0.70,1.01,210254,9.64,162029,6884297,45307,2757774,59.91,Itally,Kyagalanyi Coffee Ltd
June,2004,500,1100,1400,,41.64307,22.2,50.96,1818.6645,0.76,0.70,1.01,210254,9.64,162029,6884297,45307,2757774,64.28,Itally,Kyagalanyi Coffee Ltd
July,2004,450,995,1325,,42.72045,21.8,48.09,1748.26186363636,0.76,0.70,1.01,210254,9.64,162029,6884297,45307,2757774,58.46,Itally,Kyagalanyi Coffee Ltd
August,2004,430,940,1300,,87.00253,21.8,42.79,1731.52318181818,0.76,0.70,1.01,210254,9.64,162029,6884297,45307,2757774,56.98,Itally,Kyagalanyi Coffee Ltd
September,2004,425,945,1225,,159.0972,22.4,52.75,1721.1659,0.76,0.70,1.01,210254,9.64,162029,6884297,45307,2757774,61.47,Itally,Kyagalanyi Coffee Ltd
October,2004,375,880,1325,,159.7481,22.4,57.01,1735.43666666667,0.76,0.70,1.01,210254,9.64,162029,6884297,45307,2757774,61.10,Itally,Kyagalanyi Coffee Ltd
November,2004,375,950,1375,,224.8978,22.6,66.35,1730.88522727273,0.76,0.70,1.01,210254,9.64,162029,6884297,45307,2757774,67.74,Itally,Kyagalanyi Coffee Ltd
December,2004,475,1000,1900,,170.5561,22.9,61.94,1739.13921052632,0.76,0.70,1.01,210254,9.64,162029,6884297,45307,2757774,77.72,Itally,Kyagalanyi Coffee Ltd
January,2005,450,1025,2000,,40.2355,23.2,59.30,1732.00578947368,1.08,0.89,1.81,208741,13.51,165574,8819441,43167,4688579,79.35,Itally,Ugacof (U) Ltd
February,2005,525,1150,2050,,41.94835,23.8,68.69,1711.0665,1.08,0.89,1.81,208741,13.51,165574,8819445,43167,4688579,89.40,Itally,Ugacof (U) Ltd
March,2005,620,1425,2100,,146.2406,24.2,68.01,1711.23,1.08,0.89,1.81,208741,13.51,165574,8819445,43167,4688579,101.44,Itally,Ugacof (U) Ltd
April,2005,675,1655,2400,,196.1309,24.0,66.49,1777.68,1.08,0.89,1.81,208741,13.51,165574,8819445,43167,4688579,98.20,Itally,Ugacof (U) Ltd
May,2005,850,1850,2450,,216.7901,23.7,62.30,1775.623,1.08,0.89,1.81,208741,13.51,165574,8819445,43167,4688579,99.78,Itally,Ugacof (U) Ltd
June,2005,850,1935,2450,,27.52917,22.1,51.40,1738.31875,1.08,0.89,1.81,208741,13.51,165574,8819445,43167,4688579,96.29,Itally,Ugacof (U) Ltd
July,2005,850,1850,2450,,117.925,22.5,51.33,1752.12225,1.08,0.89,1.81,208741,13.51,165574,8819445,43167,4688579,88.48,Itally,Ugacof (U) Ltd
August,2005,650,1550,2200,,136.8899,22.9,54.79,1814.85977272727,1.08,0.89,1.81,208741,13.51,165574,8819445,43167,4688579,85.31,Itally,Ugacof (U) Ltd
September,2005,600,1300,2100,,124.7696,22.2,56.92,1847.60681818182,1.08,0.89,1.81,208741,13.51,165574,8819445,43167,4688579,78.79,Itally,Ugacof (U) Ltd
October,2005,775,1650,2350,,145.2473,22.6,65.73,1856.8035,1.08,0.89,1.81,208741,13.51,165574,8819445,43167,4688579,82.55,Itally,Ugacof (U) Ltd
November,2005,975,1860,2350,,130.8778,23.9,68.28,1834.53547619048,1.08,0.89,1.81,208741,13.51,165574,8819445,43167,4688579,85.93,Itally,Ugacof (U) Ltd
December,2005,1000,2000,2350,,27.09867,22.8,65.03,1816.13452380952,1.08,0.89,1.81,208741,13.51,165574,8819445,43167,4688579,86.85,Itally,Ugacof (U) Ltd
January,2006,1000,2075,2600,,71.19775,23.8,71.02,1819.12125,1.42,1.23,1.87,166860,14.19,117360,8656106,49501,5539193,101.20,Itally,Ugacof (U) Ltd
February,2006,900,1900,2450,,119.5442,24.5,68.11,1815.84157894737,1.42,1.23,1.87,166860,14.19,117360,8656106,49501,5539193,97.39,Itally,Ugacof (U) Ltd
March,2006,675,1775,2200,,135.1831,24.8,65.32,1820.94328947366,1.42,1.23,1.87,166860,14.19,117360,8656106,49501,5539193,92.76,Itally,Ugacof (U) Ltd
April,2006,700,1800,2300,,173.0334,24.0,70.88,1827.48111111111,1.42,1.23,1.87,166860,14.19,117360,8656106,49501,5539193,94.20,Itally,Ugacof (U) Ltd
May,2006,700,1800,2100,,144.4257,23.5,64.05,1836.3419047619,1.42,1.23,1.87,166860,14.19,117360,8656106,49501,5539193,90.00,Itally,Ugacof (U) Ltd
June,2006,850,1900,2100,,53.71326,22.1,53.29,1859.94928571429,1.42,1.23,1.87,166860,14.19,117360,8656106,49501,5539193,86.04,Itally,Ugacof (U) Ltd
July,2006,700,1750,2100,,87.06343,22.2,47.28,1857.71642857143,1.42,1.23,1.87,166860,14.19,117360,8656106,49501,5539193,88.57,Itally,Ugacof (U) Ltd
August,2006,850,2000,2150,,104.8186,22.6,55.79,1847.73967391304,1.42,1.23,1.87,166860,14.19,117360,8656106,49501,5539193,95.78,Itally,Ugacof (U) Ltd
September,2006,850,1850,2150,,80.47618,23.0,55.99,1854.67666666667,1.42,1.23,1.87,166860,14.19,117360,8656106,49501,5539193,95.98,Itally,Ugacof (U) Ltd
October,2006,1025,2100,2250,,114.4511,23.3,64.19,1843.4265,1.42,1.23,1.87,166860,14.19,117360,8656106,49501,5539193,95.53,Itally,Ugacof (U) Ltd
November,2006,950,1850,2250,,332.7368,23.0,67.29,1818.85136363636,1.42,1.23,1.87,166860,14.19,117360,8656106,49501,5539193,103.48,Itally,Ugacof (U) Ltd
December,2006,950,1975,2150,,157.3521,23.4,71.77,1775.33315789474,1.42,1.23,1.87,166860,14.19,117360,8656106,49501,5539193,108.01,Itally,Ugacof (U) Ltd
January,2007,1025,2000,2250,,110.6879,24.1,66.77,1792.27880952381,1.58,1.50,1.58,225353,21.38,178706,16064962,46646,5316745,105.81,Itally,Kyagalanyi Coffee Ltd
February,2007,1000,2100,2400,,119.9375,24.5,64.84,1751.68275,1.58,1.50,1.58,225353,21.38,178706,16064962,46646,5316775,104.18,Itally,Kyagalanyi Coffee Ltd
March,2007,1000,2050,2450,,95.90632,24.9,65.42,1750.67642857143,1.58,1.50,1.58,225353,21.38,178706,16064962,46646,5316775,100.09,Itally,Kyagalanyi Coffee Ltd
April,2007,850,1900,2270,,156.3075,24.3,67.43,1728.89078947368,1.58,1.50,1.58,225353,21.38,178706,16064962,46646,5316775,99.30,Itally,Kyagalanyi Coffee Ltd
May,2007,900,1900,2250,,126.6768,23.7,70.55,1695.15272727273,1.58,1.50,1.58,225353,21.38,178706,16064962,46646,5316775,100.09,Itally,Kyagalanyi Coffee Ltd
June,2007,1000,2000,2400,,126.7178,22.9,63.89,1643.57333333333,1.58,1.50,1.58,225353,21.38,178706,16064962,46646,5316775,107.03,Itally,Kyagalanyi Coffee Ltd
July,2007,1200,2400,2500,,99.57252,22.1,53.66,1652.86977272727,1.58,1.50,1.58,225353,21.38,178706,16064962,46646,5316775,106.20,Itally,Kyagalanyi Coffee Ltd
August,2007,1100,2100,2500,,115.9351,23.0,52.55,1737.43043478261,1.58,1.50,1.58,225353,21.38,178706,16064962,46646,5316775,107.98,Itally,Kyagalanyi Coffee Ltd
September,2007,1100,2100,2700,,141.2197,23.5,59.26,1762.83025,1.58,1.50,1.58,225353,21.38,178706,16064962,46646,5316775,113.20,Itally,Kyagalanyi Coffee Ltd
October,2007,1200,2200,2500,,164.1392,23.4,71.72,1747.17166666667,1.58,1.50,1.58,225353,21.38,178706,16064962,46646,5316775,115.71,Itally,Kyagalanyi Coffee Ltd
November,2007,1250,2200,2700,,187.2994,23.7,67.79,1707.72875,1.58,1.50,1.58,225353,21.38,178706,16064962,46646,5316775,114.43,Itally,Kyagalanyi Coffee Ltd
December,2007,1200,2500,2700,,80.15691,24.0,72.10,1711.61333333333,1.58,1.50,1.58,225353,21.38,178706,16064962,46646,5316775,118.16,Itally,Kyagalanyi Coffee Ltd
January,2008,1250,2450,2525,,117.9126,23.9,68.94,1710.58568181818,2.02,1.94,2.43,267550,32.37,226125,26338367,41425,6028149,122.33,Itally,Ugacof (U) Ltd
February,2008,1530,3000,3000,,98.90068,24.5,66.23,1707.82976190476,2.02,1.94,2.43,267550,32.37,226125,26338367,41425,6028149,138.82,Itally,Ugacof (U) Ltd
March,2008,1275,2950,3050,,257.4236,25.1,68.04,1684.25552631579,2.02,1.94,2.43,267550,32.37,226125,26338367,41425,6028149,136.17,Itally,Ugacof (U) Ltd
April,2008,1375,2800,2900,,241.5414,24.6,69.47,1686.68340909091,2.02,1.94,2.43,267550,32.37,226125,26338367,41425,6028149,126.55,Itally,Ugacof (U) Ltd
May,2008,1275,2635,2800,,119.5332,23.8,60.23,1647.68071428571,2.02,1.94,2.43,267550,32.37,226125,26338367,41425,6028149,126.76,Itally,Ugacof (U) Ltd
June,2008,1375,2825,2900,,56.60828,22.8,56.25,1600.73973684211,2.02,1.94,2.43,267550,32.37,226125,26338367,41425,6028149,130.51,Itally,Ugacof (U) Ltd
July,2008,1300,2810,2700,,94.58937,22.9,54.52,1633.9402173913,2.02,1.94,2.43,267550,32.37,226125,26338367,41425,6028149,132.78,Itally,Ugacof (U) Ltd
August,2008,1350,2850,2800,,76.75392,22.1,52.35,1623.61904761905,2.02,1.94,2.43,267550,32.37,226125,26338367,41425,6028149,131.14,Itally,Ugacof (U) Ltd
September,2008,1275,2775,2700,,141.8462,23.0,58.19,1645.01075,2.02,1.94,2.43,267550,32.37,226125,26338367,41425,6028149,126.69,Itally,Ugacof (U) Ltd
October,2008,975,2300,2600,,139.0499,23.1,65.61,1838.66295454545,2.02,1.94,2.43,267550,32.37,226125,26338367,41425,6028149,108.31,Itally,Ugacof (U) Ltd
November,2008,1025,2300,2600,,111.1343,23.7,68.30,1910.13,2.02,1.94,2.43,267550,32.37,226125,26338367,41425,6028149,107.88,Itally,Ugacof (U) Ltd
December,2008,1000,2400,2600,,80.52388,23.5,65.75,1956.18875,2.02,1.94,2.43,267550,32.37,226125,26338367,41425,6028149,103.07,Itally,Ugacof (U) Ltd
January,2009,1180,2500,2445,,114.7534,25.3,67.48,1975.97,1.59,1.47,2.03,254474,24.31,200428,17737415,54046,6576063,108.39,Itally,Ugacof (U) Ltd
February,2009,1350,2400,2500,,118.0102,24.9,65.01,1964.83,1.59,1.47,2.03,254474,24.31,200428,17737415,54046,6576063,107.60,Itally,Ugacof (U) Ltd
March,2009,1000,2400,2300,,82.87821,24.2,66.67,2051.54522727273,1.59,1.47,2.03,254474,24.31,200428,17737415,54046,6576063,105.87,Itally,Ugacof (U) Ltd
April,2009,1050,2300,2700,,160.2423,23.4,69.47,2175.61025,1.59,1.47,2.03,254474,24.31,200428,17737415,54046,6576063,111.61,Itally,Ugacof (U) Ltd
May,2009,1100,2300,2600,,166.141,23.5,65.84,2247.6825,1.59,1.47,2.03,254474,24.31,200428,17737415,54046,6576063,123.05,Itally,Ugacof (U) Ltd
June,2009,950,1950,2500,,44.28545,22.9,53.45,2137.18,1.59,1.47,2.03,254474,24.31,200428,17737415,54046,6576063,119.05,Itally,Ugacof (U) Ltd
July,2009,950,1950,2500,,35.00368,22.6,49.76,2110.76630434783,1.59,1.47,2.03,254474,24.31,200428,17737415,54046,6576063,112.90,Itally,Ugacof (U) Ltd
August,2009,900,2200,2500,,53.74395,23.0,53.49,2071.66880952381,1.59,1.47,2.03,254474,24.31,200428,17737415,54046,6576063,117.45,Itally,Ugacof (U) Ltd
September,2009,800,2200,2900,,115.8636,22.6,60.33,1961.90363636364,1.59,1.47,2.03,254474,24.31,200428,17737415,54046,6576063,116.40,Itally,Ugacof (U) Ltd
October,2009,1050,2225,2800,,129.2282,23.0,64.02,1898.28261904762,1.59,1.47,2.03,254474,24.31,200428,17737415,54046,6576063,121.09,Itally,Ugacof (U) Ltd
November,2009,1000,2000,3300,,219.7342,23.4,64.71,1873.77825,1.59,1.47,2.03,254474,24.31,200428,17737415,54046,6576063,119.67,Itally,Ugacof (U) Ltd
December,2009,850,1850,3250,,131.5296,23.5,66.48,1896.63704545455,1.59,1.47,2.03,254474,24.31,200428,17737415,54046,6576063,124.96,Itally,Ugacof (U) Ltd
January,2010,1150,2200,3700,,42.85197,23.4,62.96,1935.62605263158,1.67,1.39,2.42,265455,25.40,200454,17252584,65001,8098778,126.85,Itally,Kyagalanyi Coffee Ltd
February,2010,1150,2200,3500,,188.4022,25.7,71.02,1996.536,1.67,1.39,2.42,268510,22.23,193502,13623724,75008,8602578,123.37,Itally,Kyagalanyi Coffee Ltd
March,2010,1100,2100,3500,,199.601,25.2,65.99,2086.36636363636,1.67,1.39,2.42,228262,22.23,152103,13623724,76159,8602578,125.30,Itally,Kyagalanyi Coffee Ltd
April,2010,950,2100,3350,,240.377,24.8,68.36,2083.004,1.67,1.39,2.42,167019,22.23,92018,13623724,75001,8602578,126.89,Itally,Kyagalanyi Coffee Ltd
May,2010,1200,2450,3600,,145.3101,23.0,63.90,2174.56833333333,1.67,1.39,2.42,211036,22.23,121513,13623724,89523,8602578,128.10,Itally,Kyagalanyi Coffee Ltd
June,2010,1400,2800,3650,,97.83176,22.7,54.26,2257.436,1.67,1.39,2.42,254590,22.23,179494,13623724,75096,8602578,142.20,Itally,Kyagalanyi Coffee Ltd
July,2010,1500,2900,5000,,70.91425,22.0,50.09,2257.28636363636,1.67,1.39,2.42,286232,22.23,204100,13623724,82132,8602578,153.41,Itally,Kyagalanyi Coffee Ltd
August,2010,1500,3000,4500,,67.07516,22.6,57.31,2230.94071428571,1.67,1.39,2.42,236167,22.23,180121,13623724,56046,8602578,157.46,Itally,Kyagalanyi Coffee Ltd
September,2010,1300,2800,4500,,81.68825,23.4,62.85,2251.3030952381,1.67,1.39,2.42,202729,22.23,155200,13623724,47529,8602578,163.61,Itally,Kyagalanyi Coffee Ltd
October,2010,1450,2900,4500,,101.4755,23.1,56.95,2264.82095427256,1.67,1.39,2.42,226411,22.23,165911,11733063,60500,6911276,161.56,Itally,Kyagalanyi Coffee Ltd
November,2010,1500,3000,4900,,135.029,23.6,69.82,2288.87285714286,1.67,1.39,2.42,256705,22.23,206504,15144982,50201,6952505,173.90,Itally,Kyagalanyi Coffee Ltd
December,2010,1850,3750,5750,,130.2613,22.7,69.35,2303.92934782609,1.67,1.39,2.42,290760,22.23,225637,16572527,65123,9192182,184.26,Itally,Kyagalanyi Coffee Ltd
January,2011,1950,3850,6200,,32.65089,25.3,64.89,2332.46641666667,2.38,1.68,3.86,217414,37.41,165114,24550504,52300,12857052,197.35,EU,Ugacof (U) Ltd
February,2011,1800,3700,6750,,34.90216,25.2,66.48,2341.92722222222,2.38,1.68,3.86,213113,37.41,160006,24550504,53107,12857052,216.03,EU,Ugacof (U) Ltd
March,2011,1500,3400,10000,,213.1857,24.6,71.42,2393.31304761905,2.38,1.68,3.86,207177,37.41,155001,24550504,52176,12857052,224.33,EU,Ugacof (U) Ltd
April,2011,1900,3850,8850,,144.4699,23.8,69.01,2367.58921052632,2.38,1.68,3.86,210091,37.41,165002,24550504,45089,12857052,231.24,EU,Ugacof (U) Ltd
May,2011,2000,4300,9500,,131.1079,22.5,60.09,2387.68404761905,2.38,1.68,3.86,249594,37.41,200444,24550504,49150,12857052,227.97,EU,Ugacof (U) Ltd
June,2011,1900,4650,8500,,65.67329,22.2,55.92,2461.0385,2.38,1.68,3.86,367100,37.41,321793,24550504,53087,12857052,215.58,EU,Ugacof (U) Ltd
July,2011,2250,4250,8500,,56.89687,22.0,45.07,2587.22833333333,2.38,1.68,3.86,407225,37.41,360901,24550504,54104,12857052,210.36,EU,Ugacof (U) Ltd
August,2011,2250,4350,8000,,172.4737,22.5,48.07,2753.23272727273,2.38,1.68,3.86,332132,37.41,286903,24550504,52009,12857052,212.19,EU,Ugacof (U) Ltd
September,2011,2250,4350,8000,,218.3138,22.2,63.33,2814.01876833079,2.38,1.68,3.86,287772,37.41,243899,24550504,50000,12857052,213.04,EU,Ugacof (U) Ltd
October,2011,2250,4250,9000,,260.8641,23.8,62.79,2805.36597490669,2.38,1.68,3.86,188941,37.41,120412,24550504,68529,12857052,193.90,EU,Ugacof (U) Ltd
November,2011,2100,4050,7500,,310.896,23.4,76.13,2582.17727272727,2.38,1.68,3.86,281800,37.41,212477,24550504,69323,12857052,193.66,EU,Ugacof (U) Ltd
December,2011,2100,4000,7000,,112.285,23.2,69.00,2446.91428571429,2.38,1.68,3.86,275739,37.41,230428,24550504,45311,12857052,189.02,EU,Ugacof (U) Ltd
January,2012,1900,4000,7000,,24.34509,23.8,70.49,2414.1930952381,2.40,1.96,3.42,228522,32.73,160012,18664669,68510,14060175,188.9,Italy,Ugacof (U) Ltd
February,2012,1900,4000,6500,,89.7722,24.5,66.21,2327.96928571429,2.40,1.96,3.42,255027,32.73,165009,18664669,90018,14060175,182.29,Italy,Ugacof (U) Ltd
March,2012,1500,3300,5250,,120.5311,25.1,64.02,2485.0180952381,2.40,1.96,3.42,191763,32.73,106105,18664669,85658,14060175,167.77,Italy,Ugacof (U) Ltd
April,2012,1600,3200,5250,,142.5312,24.1,70.88,2506.21263157895,2.40,1.96,3.42,147022,32.73,75013,18664669,72009,14060175,160.46,Italy,Ugacof (U) Ltd
May,2012,1500,4000,5300,,132.5125,23.8,60.58,2479.05294603737,2.40,1.96,3.42,285360,32.73,190215,18664669,95145,14060175,157.68,Italy,Ugacof (U) Ltd
June,2012,1500,4000,5300,,121.763,22.2,50.34,2484.35761904762,2.40,1.96,3.42,382294,32.73,252148,18664669,80146,14060175,145.31,Italy,Ugacof (U) Ltd
July,2012,1750,4200,4500,,79.88626,21.8,51.53,2474.18022727273,2.40,1.96,3.42,399289,32.73,320125,18664669,79164,14060175,159.07,Italy,Ugacof (U) Ltd
August,2012,2000,4000,4700,,127.5757,22.2,49.82,2492.03812895046,2.40,1.96,3.42,340228,32.73,270125,18664669,70103,14060175,148.50,Italy,Ugacof (U) Ltd
September,2012,2000,4250,4400,,108.0119,22.9,52.68,2515.877,2.40,1.96,3.42,265294,32.73,200136,18664669,65158,14060175,151.28,Italy,Ugacof (U) Ltd
October,2012,2150,4200,4400,,167.0288,23.3,62.50,2579.42811295549,2.40,1.96,3.42,205390,32.73,155167,18664669,50123,14060175,147.12,Italy,Ugacof (U) Ltd
November,2012,2250,4250,4400,,272.9097,23.4,70.22,2622.95272727273,2.40,1.96,3.42,225024,32.73,160012,18664669,65012,14060175,136.35,Italy,Ugacof (U) Ltd
December,2012,2100,4150,4750,,236.3885,23.9,67.36,2673.47706169355,2.40,1.96,3.42,239250,32.73,170235,18664669,69015,14060175,131.31,Italy,Ugacof (U) Ltd
January,2013,1800,4100,4500,,67.84558,25.0,46.44,2683.78928571429,2.01,1.90,2.39,298552,36.06,231790,26477405,66763,9580433,135.38,Italy,Ugacof (U) Ltd
February,2013,2000,4300,4300,,99.81623,24.2,48.20,2657.54930301252,2.01,1.90,2.39,298552,36.06,231690,26477405,66763,9580433,131.51,Italy,Ugacof (U) Ltd
March,2013,2250,4450,4250,,252.8268,24.5,53.37,2636.89157894737,2.01,1.90,2.39,298552,36.06,231690,26477405,66763,9580433,131.38,Italy,Ugacof (U) Ltd
April,2013,2230,4400,4300,,171.2875,23.3,58.84,2578.01169263981,2.01,1.90,2.39,298552,36.06,231690,26477405,66763,9580433,129.55,Italy,Ugacof (U) Ltd
May,2013,2250,4150,4400,,139.0157,22.8,48.83,2586.11348761546,2.01,1.90,2.39,298552,36.06,231690,26477405,66763,9580433,126.96,Italy,Ugacof (U) Ltd
June,2013,1900,4000,4400,,51.52605,22.2,42.09,2593.08150594265,2.01,1.90,2.39,298552,36.06,231690,26477405,66763,9580433,117.58,Italy,Ugacof (U) Ltd
July,2013,1900,3850,4250,,30.5711,22.3,32.39,2588.90052048496,2.01,1.90,2.39,298552,36.06,231690,26477405,66763,9580433,118.93,Italy,Ugacof (U) Ltd
August,2013,1900,3800,4000,,132.1491,23.0,40.30,2578.87150811025,2.01,1.90,2.39,298552,36.06,231690,26477405,66763,9580433,116.45,Italy,Ugacof (U) Ltd
September,2013,1900,3800,4000,,172.5118,23.6,46.14,2568.86421408837,2.01,1.90,2.39,298552,36.06,231690,26477405,66763,9580433,111.82,Italy,Ugacof (U) Ltd
October,2013,1400,3150,3200,,129.2531,23.1,50.89,2534.39184378998,2.01,1.90,2.39,298552,36.06,231690,26477405,66763,9580433,107.03,Italy,Ugacof (U) Ltd
November,2013,1400,3200,3250,,159.8597,23.2,55.88,2523.27262143086,2.01,1.90,2.39,298552,36.06,231690,26477405,66763,9580433,100.99,Italy,Ugacof (U) Ltd
December,2013,1250,3200,3150,,106.1514,23.0,48.46,2512.93726101084,2.01,1.90,2.39,298552,36.06,231690,26477405,66763,9580433,106.56,Italy,Ugacof (U) Ltd
January,2014,1400,3270,3300,,42.49818,24.8,43.11,2499.90389076533,1.88,1.74,2.36,310149,32.83,228333,2380167,63333,9025000,110.75,EU,Ugacof (U) Ltd
February,2014,1550,3650,4450,,38.16701,24.6,49.16,2471.96178951448,1.88,1.74,2.36,290475,32.83,228333,2380167,63333,9025000,137.81,EU,Ugacof (U) Ltd
March,2014,1600,3900,6250,,141.6758,25.0,52.76,2534.21569131073,1.88,1.74,2.36,310773,32.83,228333,2380167,63333,9025000,165.03,EU,Ugacof (U) Ltd
April,2014,1700,4000,6450,,251.3957,24.3,63.19,2529.78700697517,1.88,1.74,2.36,264065,32.83,228333,2380167,63333,9025000,170.58,EU,Ugacof (U) Ltd
May,2014,1350,3700,6300,,175.9867,23.6,58.37,2532.38585285101,1.88,1.74,2.36,262604,32.83,228333,2380167,63333,9025000,163.94,EU,Ugacof (U) Ltd
June,2014,1600,3900,6050,,112.0789,23.0,42.86,2580.86227148587,1.88,1.74,2.36,333943,32.83,228333,2380167,63333,9025000,151.92,EU,Ugacof (U) Ltd
July,2014,2150,4250,6150,,44.22921,22.5,34.10,2633.51535669946,1.88,1.74,2.36,314304,32.83,228333,2380167,63333,9025000,152.50,EU,Ugacof (U) Ltd
August,2014,2100,4200,6000,,115.0893,23.4,31.59,2612.5,1.88,1.74,2.36,268033,32.83,228333,2380167,63333,9025000,163.08,EU,Ugacof (U) Ltd
September,2014,2350,4450,6150,,201.664,23.5,39.42,2618.79615030458,1.88,1.74,2.36,207923,32.83,228333,2380167,63333,9025000,161.79,EU,Ugacof (U) Ltd
October,2014,2350,4550,7400,,230.7307,23.6,56.98,2680.50866141967,1.88,1.74,2.36,229442,32.83,228333,2380167,63333,9025000,172.88,EU,Ugacof (U) Ltd
November,2014,2150,4250,6750,,219.2434,23.9,58.93,2734.22225,1.88,1.74,2.36,219948,32.83,228333,2380167,63333,9025000,162.17,EU,Ugacof (U) Ltd
December,2014,2100,4200,6250,,88.11836,24.7,54.51,2768.79479918052,1.88,1.74,2.36,224803,32.83,228333,2380167,63333,9025000,150.66,EU,Ugacof (U) Ltd
January,2015,2100,4150,6050,,7.503283,24.3,54.09,2860.71175,1.60,1.48,1.99,334727,34.21,210833,2324250,59167,10323333,148.24,EU,Ugacof (U) Ltd
February,2015,2100,4000,5750,,49.14911,25.0,46.38,2868.8475,1.54,1.43,1.87,271941,34.21,210833,2324250,59167,10323333,141.10,EU,Ugacof (U) Ltd
March,2015,1900,3900,5750,,156.372,24.7,52.43,2951.73681255155,1.55,1.37,1.91,247798,34.21,210833,2324250,59167,10323333,127.04,EU,Ugacof (U) Ltd
April,2015,2100,4150,6250,,224.53,24.7,66.65,2995.578,1.59,1.44,1.89,326793,34.21,210833,2324250,59167,10323333,129.02,EU,Ugacof (U) Ltd
May,2015,2200,4320,5600,,124.4446,23.5,49.73,3007.603,1.61,1.49,1.93,285945,34.21,210833,2324250,59167,10323333,123.49,EU,Ugacof (U) Ltd
June,2015,2250,4500,5750,,124.5141,22.6,38.99,3199.90275,1.66,1.54,2.05,265650,34.21,210833,2324250,59167,10323333,124.97,EU,Ugacof (U) Ltd
July,2015,2200,4350,5850,,48.63834,22.5,31.77,3360.09409090909,1.78,1.67,2.47,402721,34.21,210833,2324250,59167,10323333,119.77,EU,Ugacof (U) Ltd
August,2015,2200,4500,6250,,76.77208,22.9,29.48,3548.25119047619,1.69,1.63,2.23,320247,34.21,210833,2324250,59167,10323333,121.21,EU,Ugacof (U) Ltd
September,2015,2150,4250,5750,,78.8049,23.1,36.17,3667.50476190476,1.71,1.62,2.07,286322,34.21,210833,2324250,59167,10323333,113.14,EU,Ugacof (U) Ltd
October,2015,2350,4500,5600,5600,232.8052,23.7,45.11,3636.02452380952,1.71,1.61,1.86,223858,34.21,148938,14366648,74920,8566678,118.43,EU,Ugacof (U) Ltd
November,2015,2350,4400,5250,4659,334.6217,23.7,57.07,3428.99809523809,1.68,1.57,1.86,248921,34.21,157358,14810825,91563,10191405,115.03,EU,Ugacof (U) Ltd
December,2015,2150,4350,5200,4500,177.9175,24.2,51.65,3362.49256916996,1.62,1.52,1.97,342429,34.21,263214,24234767,79215,8349986,114.63,EU,Ugacof (U) Ltd
January,2016,2370,4880,6000,,94.49416,24.9,41.20,3451.20894736842,2.02,1.86,2.50,404673,29.29,225000,2077083,71667,8524167,110.89,EU,Kyagalanyi Coffee Ltd
February,2016,2370,4880,6000,,70.14979,24.5,52.71,3435.11396135266,2.03,1.91,2.40,396523,29.29,225000,2077083,71667,8524167,111.75,EU,Kyagalanyi Coffee Ltd
March,2016,2370,4880,6000,,100.7639,24.7,56.01,3365.49689130435,2.05,1.93,2.48,409916,29.29,225000,2077083,71667,8524167,117.83,EU,Kyagalanyi Coffee Ltd
April,2016,2370,4880,6000,,308.5189,24.6,60.96,3343.57207729469,2.01,1.92,2.28,325566,29.29,225000,2077083,71667,8524167,117.93,EU,Kyagalanyi Coffee Ltd
May,2016,2370,4880,6000,,143.4434,23.9,55.09,3348.91925465838,1.93,1.84,2.27,408565,29.29,225000,2077083,71667,8524167,119.91,EU,Kyagalanyi Coffee Ltd
June,2016,2370,4880,6000,,39.95881,22.8,38.94,3367.992602657,1.92,2.29,1.84,430565,29.29,225000,2077083,71667,8524167,127.05,EU,Kyagalanyi Coffee Ltd
July,2016,2300,4850,5150,,70.89701,22.5,32.36,3379.29338888889,1.68,1.59,2.07,268150,29.29,225000,2077083,71667,8524167,132.98,EU,Kyagalanyi Coffee Ltd
August,2016,2200,4550,5550,,87.12994,22.2,36.05,3373.535,1.72,1.68,1.98,291059,29.29,225000,2077083,71667,8524167,131.00,EU,Kyagalanyi Coffee Ltd
September,2016,2200,4550,5550,,118.108,22.8,42.07,3381.40619047619,1.82,1.7,2.09,208956,29.29,225000,2077083,71667,8524167,138.22,EU,Kyagalanyi Coffee Ltd
October,2016,2300,4800,5800,,52.45906,22.5,50.19,3435.84835978836,1.93,1.75,2.21,209144,29.29,225000,2077083,71667,8524167,142.68,EU,Kyagalanyi Coffee Ltd
November,2016,2250,4650,5850,,204.7381,22.7,56.25,3560.62343434344,2.06,1.89,2.42,407693,29.29,225000,2077083,71667,8524167,145.82,EU,Kyagalanyi Coffee Ltd
December,2016,2600,4850,6550,,56.26269,22.3,52.04,3598.16597883598,2.02,1.83,2.50,425241,29.29,225000,2077083,71667,8524167,131.70,EU,Kyagalanyi Coffee Ltd
January,2017,2600,5250,6550,,18.66439,23.6,51.60,3609.4773015873,1.95,1.83,2.35,404673,40.82,304787,33973480,99886,15008470,139.07,Italy,Ugacof (U) Ltd
February,2017,2650,5150,6550,,147.2915,24.6,48.23,3585.34954678363,1.95,1.83,2.35,396523,40.82,301116,34545200,95407,13761010,137.68,Italy,Ugacof (U) Ltd
March,2017,2500,5050,6150,,154.1375,24.1,55.75,3599.01411363636,1.95,1.83,2.35,409916,40.82,316314,36539693,93602,13903721,134.07,Italy,Ugacof (U) Ltd
April,2017,2400,5050,6150,,165.9251,23.3,64.28,3618.69722222222,1.95,1.83,2.35,326232,40.82,243167,28001340,83065,11361248,130.39,Italy,Ugacof (U) Ltd
May,2017,2300,4900,6150,,103.7012,22.5,56.10,3623.60659090909,1.95,1.83,2.35,408454,47.47,324640,36132372,83814,11439266,125.40,Italy,Ugacof (U) Ltd
June,2017,2100,5000,6100,,36.57524,22.6,40.76,3591.09857142857,1.95,1.83,2.35,348828,40.82,265833,29109167,83333,8524167,122.39,Italy,Ugacof (U) Ltd
July,2017,2370,4880,6000,,107.7764,21.7,36.66,3601.5305,1.95,1.83,2.35,348828,40.82,265833,29109167,83333,8524167,127.26,Italy,Ugacof (U) Ltd
August,2017,2370,4880,6000,,80.17997,22.2,41.34,3606.03173913043,1.95,1.83,2.35,348828,40.82,265833,29109167,83333,8524167,128.24,Italy,Ugacof (U) Ltd
September,2017,2370,4880,6000,,148.9439,22.7,41.45,3599.866,1.95,1.83,2.35,348828,40.82,265833,29109167,83333,8524167,124.46,Italy,Ugacof (U) Ltd
October,2017,2370,4880,6000,,107.563,23.2,52.17,3637.90952380952,1.95,1.83,2.35,348828,40.82,265833,29109167,83333,8524167,120.01,Italy,Ugacof (U) Ltd
November,2017,2370,4880,6000,,261.2267,23.0,56.71,3638.85080808081,1.95,1.83,2.35,348828,40.82,265833,29109167,83333,8524167,117.26,Italy,Ugacof (U) Ltd
December,2017,2370,4880,6000,,38.03057,22.3,56.84,3623.26157894737,1.95,1.83,2.35,348828,40.82,265833,29109167,83333,8524167,114.00,Italy,Ugacof (U) Ltd
January,2018,2100,4750,5700,,41.36493,24.7,48.13,3640.05304232804,1.84,1.75,2.13,392500,41.00,281667,29583333,90000,11500000,115.60,Italy,Kyagalanyi Coffee Ltd
February,2018,2100,4750,5700,,126.9756,24.2,48.69,3637.56260233918,1.84,1.75,2.13,392500,41.00,281667,29583333,90000,11500000,114.19,Italy,Kyagalanyi Coffee Ltd
March,2018,2100,4750,5700,,241.3745,24.3,49.57,3660.11786111111,1.84,1.75,2.13,392500,41.00,281667,29583333,90000,11500000,112.99,Italy,Kyagalanyi Coffee Ltd
April,2018,2100,4750,5700,,234.0699,23.8,56.77,3697.2425,1.84,1.75,2.13,392500,41.00,281667,29583333,90000,11500000,112.56,Italy,Kyagalanyi Coffee Ltd
May,2018,2100,4750,5700,6500,102.1936,22.9,61.77,3726.84303030303,1.84,1.75,2.13,392500,41.00,281667,29583333,90000,11500000,113.34,Italy,Kyagalanyi Coffee Ltd
June,2018,2100,4750,5700,,78.61504,21.9,45.09,3840.47675,1.84,1.75,2.13,392500,41.00,281667,29583333,90000,11500000,110.44,Italy,Kyagalanyi Coffee Ltd
July,2018,2100,4750,5700,,41.81772,21.9,35.90,3760.44343915344,1.84,1.75,2.13,392500,41.00,281667,29583333,90000,11500000,107.20,Italy,Kyagalanyi Coffee Ltd
August,2018,2100,4750,5700,,116.2978,22.1,35.36,3729.5325,1.84,1.75,2.13,392500,41.00,281667,29583333,90000,11500000,102.41,Italy,Kyagalanyi Coffee Ltd
September,2018,2100,4750,5700,,56.51821,22.6,43.18,3800.67941666667,1.84,1.75,2.13,392500,41.00,281667,29583333,90000,11500000,98.17,Italy,Kyagalanyi Coffee Ltd
October,2018,2100,4750,5700,,139.0651,23.1,60.08,3777.97772727273,1.84,1.75,2.13,392500,41.00,281667,29583333,90000,11500000,111.21,Italy,Kyagalanyi Coffee Ltd
November,2018,2100,4750,5700,,171.72,23.6,56.50,3739.77228535354,1.84,1.75,2.13,392500,41.00,281667,29583333,90000,11500000,109.59,Italy,Kyagalanyi Coffee Ltd
December,2018,2100,4750,5700,,174.6964,22.8,59.25,3714.12678362573,1.84,1.75,2.13,392500,41.00,281667,29583333,90000,11500000,100.61,Italy,Kyagalanyi Coffee Ltd
January,2019,2073,4221,5220,5257,78.40453,23.7,64.91,3702.43409090909,1.66,1.57,1.97,469663,34.58,376874,34286315,92789,13687806,101.56,Italy,Kyagalanyi Coffee Ltd
February,2019,2057,4187,5179,5216,126.5272,24.3,54.69,3672.894,1.66,1.57,1.97,473328,34.58,388980,34659016,84348,12098287,100.67,Italy,Kyagalanyi Coffee Ltd
March,2019,2075,4225,5225,5263,78.39532,24.3,56.39,3706.1915,1.66,1.57,1.97,480961,34.58,389378,33359865,91583,12780599,97.50,Italy,Kyagalanyi Coffee Ltd
April,2019,2093,4260,5269,5307,189.782,22.8,63.11,3736.97575,1.66,1.57,1.97,360293,34.58,262996,22577360,97297,14366692,94.42,Italy,Kyagalanyi Coffee Ltd
May,2019,2109,4293,5310,5347,238.0616,22.9,53.41,3765.62933080808,1.66,1.57,1.97,437597,34.58,340830,29540835,96767,12938575,93.33,Italy,Kyagalanyi Coffee Ltd
June,2019,2088,4251,5258,5295,133.472,22.9,43.65,3728.98830246914,1.66,1.57,1.97,420563,34.58,345008,29119423,75555,10820246,99.97,Italy,Kyagalanyi Coffee Ltd
July,2019,2070,4214,5212,5249,97.33581,22.5,36.93,3696.48695652174,1.66,1.57,1.97,463709,34.58,386584,35338116,77125,8627139,103.01,Italy,Kyagalanyi Coffee Ltd
August,2019,2068,4211,5208,5245,127.6046,22.4,34.25,3693.73386363636,1.66,1.57,1.97,488864,34.58,414940,38089869,73924,8224189,96.07,Italy,Kyagalanyi Coffee Ltd
September,2019,2058,4190,5182,5219,106.8347,22.3,38.48,3675.49642857143,1.66,1.57,1.97,362219,34.58,310863,28956041,51356,5703018,97.74,Italy,Kyagalanyi Coffee Ltd
October,2019,2058,4213,5211,5248,308.0876,22.8,51.21,3695.83636363636,1.66,1.57,1.97,378931,34.58,303430,28119329,75501,5703018,97.35,Italy,Kyagalanyi Coffee Ltd
November,2019,2070,4215,5213,5250,264.9798,23.1,59.21,3697.44285714286,1.66,1.57,1.97,439505,34.58,336366,30420946,103139,11845098,107.23,Italy,Kyagalanyi Coffee Ltd
December,2019,2059,4191,5184,5220,288.3552,22.8,52.26,3676.7295,1.66,1.57,1.97,330248,34.58,280603,24990250,49645,6877841,117.37,Italy,Kyagalanyi Coffee Ltd
January,2020,2150,4300,5500,5200,97.86871,23.1,55.55,3680.79272727273,1.71,1.52,2.46,469951,48.19,377182,34505452,92769,13680875,106.89,Italy,Kyagalanyi Coffee Ltd
February,2020,2150,4000,5750,5200,194.4061,23.9,52.42,3676.8465,1.65,1.49,2.39,472994,46.73,388646,34631182,84348,12098287,102.00,Italy,Kyagalanyi Coffee Ltd
March,2020,2000,4000,5400,5000,354.7615,23.8,54.48,3772.9075,1.60,1.43,2.33,477561,45.87,385978,33085755,91583,12780705,109.05,Italy,Kyagalanyi Coffee Ltd
April,2020,1900,3900,5400,5000,207.8,23.1,63.04,3785.74641666667,1.71,1.43,2.46,359973,36.93,262676,22547121,97297,14381211,108.91,Italy,Kyagalanyi Coffee Ltd
May,2020,1900,4000,4750,4250,120.8302,22.7,58.44,3791.46,1.62,1.44,2.23,437579,42.48,340830,29540631,96767,12938575,104.45,Italy,Kyagalanyi Coffee Ltd
June,2020,1850,3850,4500,4230,54.10262,22.6,42.43,3737.9445,1.53,1.41,2.38,420373,39.99,344430,29853085,75935,10153159,99.05,Italy,Kyagalanyi Coffee Ltd
July,2020,1900,3900,4900,4250,71.23054,22.0,35.62,3703.53704545455,1.53,1.43,2.19,543251,49.78,467160,39992533,76091,9984806,103.66,Italy,Kyagalanyi Coffee Ltd
August,2020,2100,4100,4900,4250,94.72482,22.4,36.45,3677.52761904762,1.48,1.39,2.13,519683,46.06,457897,38158356,61786,7901763,114.78,Italy,Kyagalanyi Coffee Ltd
September,2020,2100,4100,4900,4250,142.8168,23.0,43.74,3695.08727272727,1.47,1.39,2.02,506470,44.64,445461,37246525,61009,7388927,116.25,Italy,Kyagalanyi Coffee Ltd
October,2020,2000,4000,5400,5000,142.0168,23.9,48.42,3719.91692857143,1.47,1.39,2.24,428015,38.61,371280,30966600,56735,7640268,105.85,Italy,Olam Uganda Ltd
November,2020,2000,3900,5250,5000,335.7159,23.1,49.60,3710.67738095238,1.48,1.37,2.22,430324,38.29,372211,30548107,58113,7738494,109.70,Italy,Ugacof (U) Ltd
December,2020,2000,4000,5300,5250,121.2109,23.4,59.13,3666.54318181818,1.49,1.37,2.42,422922,37.78,375209,30866603,47713,6918061,114.74,Italy,Ugacof (U) Ltd
January,2021,1900,4000,5300,5150,140.67,24.4,48.74,3691.563657289,1.48,1.37,2.42,446560,39.73,398160,32729296,48400,7018981,115.73,Italy,Ugacof (U) Ltd
February,2021,1900,4000,5300,5150,102.3822,24.7,57.90,3667.31578947368,1.5,1.36,2.57,562763,50.55,500685,40955833,62078,9591046,119.35,Italy,Ugacof (U) Ltd
March,2021,2000,4000,5400,5150,152.1133,25.2,55.76,3662.86954545455,1.56,1.38,2.65,572839,53.52,494223,41032411,78616,12491214,119.83,Itally,Ugacof (U) Ltd
April,2021,2250,4300,5700,5250,268.9786,24.3,61.98,3623.302,1.55,1.40,2.50,537538,50.02,464544,39078310,72994,10938391,122.03,Itally,Ugacof (U) Ltd
May,2021,2250,4350,6750,5750,139.5649,23.1,55.44,3552.78657894737,1.59,1.46,2.48,494050,47.16,429374,37523776,64676,9633094,134.78,Itally,Olam Uganda Ltd
June,2021,2250,4350,6650,5750,109.0683,22.7,44.29,3540.35210526316,1.58,1.48,2.62,618388,58.56,565449,50248404,52939,8313857,141.03,Itally,Ugacof (U) Ltd
July,2021,2250,4870,6900,6250,42.39708,22.4,36.24,3552.30571428571,1.66,1.59,2.97,700035,69.93,660458,63886054,39577,7046939,152.24,Italy,Ugacof (U) Ltd
August,2021,2650,5150,8000,7250,78.57159,22.4,40.45,3537.03681818182,1.79,1.71,2.54,700990,75.09,636458,65242963,64532,9851281,160.14,Itally,Ugacof (U) Ltd
September,2021,2650,5150,8250,7250,138.6157,22.4,43.96,3530.63136363636,1.9,1.84,2.63,585576,66.62,543279,59932844,42297,6685233,170.02,Itally,Ugacof (U) Ltd
October,2021,2650,5200,8750,8250,151.3184,23.7,39.03,3579.94238095238,2.1,1.93,3.30,486534,61.43,426148,49469966,60386,11964762,181.57,Itally,Ugacof (U) Ltd
November,2021,2750,5750,10250,9750,123.3238,23.4,59.72,3551.52279545455,2.26,1.96,3.70,524902,71.09,436417,51419295,88485,19669123,195.17,Itally,Ugacof (U) Ltd
December,2021,3100,6350,12000,10500,109.1057,23.3,57.21,3554.99173913044,2.34,2.63,3.95,536889,75.25,452588,55260077,84301,19994349,203.06,Itally,Ugacof (U) Ltd
January,2022,3100,7000,12000,10500,54.36834,23.2,49.74,3528.8335,2.57,2.12,4.20,402212,61.98,315265,40069758,86947,21913631,204.29,Itally,Ideal Quality
February,2022,2950,6750,11500,9500,166.1478,24.1,50.40,3514.50684210526,2.68,2.17,4.51,448957,72.17,351944,45902734,97013,26266003,210.89,Itally,Ugacof (U) Ltd
March,2022,2750,6550,10500,9500,98.3445,24.5,59.47,3589.84227272727,2.82,2.26,4.52,478023,80.99,360229,48941601,117794,32047411,194.78,Itally,Ugacof (U) Ltd
April,2022,2750,6550,10500,9500,227.1627,24.3,64.00,3541.45611111111,2.9,2.26,4.29,407762,70.85,277244,37237212,130518,33610626,198.37,Itally,Kawacom (U) Ltd
May,2022,2600,6450,10500,9500,169.0193,23.3,51.25,3633.0680952381,2.67,2.25,4.09,455166,73.01,350312,47307162,104854,25707381,193.71,Itally,Ugacof (U) Ltd
June,2022,2600,6450,10500,9500,28.8829,22.6,41.02,3747.38075,2.63,2.29,4.41,530365,83.79,444197,60976382,86168,22818322,202.46,Itally,Ugacof (U) Ltd
July,2022,2250,6250,10500,9500,44.15952,22.3,31.08,3791.5919047619,2.41,2.46,4.14,576468,83.52,528235,71530971,48233,11990679,190.82,Itally,Ugacof (U) Ltd
August,2022,2700,7050,11500,10500,122.0666,23.0,30.68,3832.44913043478,2.37,2.20,4.05,501054,71.15,456271,60257882,44783,10894327,200.11,Itally,Ugacof (U) Ltd
September,2022,2700,7050,11500,10500,182.4922,22.6,47.70,3825.32636363636,2.36,2.23,3.80,503695,71.22,464118,62193902,39577,9030929,199.63,Itally,Ugacof (U) Ltd
October,2022,2600,6550,10500,9500,99.93818,23.9,53.10,3822.26761904762,2.45,2.23,3.94,457244,67.10,398592,53248899,58652,13850603,178.54,Itally,Ugacof (U) Ltd
November,2022,2400,6400,9500,8500,279.2714,23.0,67.28,3760.22818181818,2.39,2.07,3.80,447162,64.10,364875,45378404,82287,18760200,156.66,Itally,Ugacof (U) Ltd
December,2022,2450,6150,9500,8500,244.2282,23.0,54.86,3690.85785714286,2.37,2.04,3.62,418829,39.54,331476,40551740,87353,18986350,157.19,Itally,Ugacof (U) Ltd
January,2023,2200,5900,8500,7500,31.28393,23.4,59.03,3693.61047619048,2.27,2.00,3.62,494226,67.35,412282,49567361,81944,1783581,156.95,Itally,Ugacof (U) Ltd
February,2023,2450,6450,9000,8000,64.52383,24.4,53.59,3685.71578947368,2.3,2.00,3.37,478646,66.03,373559,44751116,105087,21274878,174.77,Itally,Kawacom (U) Ltd
March,2023,2500,6750,8850,7750,274.0123,23.2,56.61,3744.515,2.44,2.10,3.47,365613,71.54,365613,46099324,122184,25443744,170.03,Itally,Ugacof (U) Ltd
April,2023,2900,7050,9150,8050,291.8411,22.9,65.75,3745.81941176471,2.68,2.20,3.52,373610,59.99,238636,31495658,134974,38494406,178.57,Itally,Ugacof (U) Ltd
May,2023,3750,7750,7250,8250,93.50117,22.5,50.70,3729.55454545454,2.68,2.32,3.68,453169,73.26,328151,45627901,125018,27631317,175.48,Itally,Ugacof (U) Ltd
June,2023,4250,8250,10500,9750,110.1314,22.1,36.97,3707.788,2.68,2.51,3.75,563832,90.56,489597,73879133,74235,16683221,171.25,Itally,Ugacof (U) Ltd
July,2023,4000,8000,10250,9250,35.16254,22.0,31.32,3661.22952380952,2.27,2.63,3.50,645832,104.99,586871,92589878,58961,12397949,158.88,Itally,Ugacof (U) Ltd
August,2023,4000,8000,10250,9250,43.89989,21.6,30.91,3689.12260869565,2.73,2.69,3.14,743517,121.64,689261,111414543,54256,10222891,154.53,Itally,Ugacof (U) Ltd
September,2023,4000,7900,9250,8250,159.0672,22.6,34.08,3738.02225,2.73,2.73,3.11,577073,94.39,543361,88090937,33712,6294174,153.13,Itally,Ugacof (U) Ltd
October,2023,3900,7650,9250,8250,178.2283,23.6,49.52,3755.62531746032,2.73,2.72,3.36,470080,78.92,410113,66865376,59967,12097008,151.94,Itally,Kyagalanyi Coffee Ltd
November,2023,3750,8000,9500,8500,391.2958,24.2,60.43,3782.02518939394,2.77,2.62,3.36,425526,70.68,338329,53116779,87197,17565685,161.53,Itally,Kyagalanyi Coffee Ltd
December,2023,4050,8750,10250,9250,121.948,24.2,54.27,3780.65740740741,2.74,2.61,3.39,401336,65.94,337026,52843493,64310,13096376,175.73,Itally,Louis Dreyfus Company
January,2024,4250,9750,10500,9750,160.3873,23.8,54.71,3805.03362433863,2.96,2.82,3.71,481586,85.57,403508,68167263,78078,17399152,176.41,Itally,Ugacof (U) Ltd
February,2024,5250,10500,11500,10500,124.60,25.30,53.83,3873.58773611111,3.17,3.07,3.75,434582,82.56,372407,68583029,62175,13981373,176.41,Itally,Olam Uganda Ltd
March,2024,5100,10750,11500,10500,82.0815,25.5,64.07,3895.7797368421,3.27,3.13,3.67,329686,64.74,244975,46011274,84711,18723744,176.41,Itally,Kyagalanyi (U) Ltd
April,2024,5750,12250,12750,11750,237.5418,24.3,64.70,3822.6875,3.62,3.53,3.85,390977,84.80,290037,61489234,100940,23314795,176.41,Itally,Olam Uganda Ltd
May,2024,5400,10500,11500,10500,49.83354,21.6,64.04,3791.40079365079,3.83,3.80,4.05,553529,127.3,437693,107916091,79836,19384753,176.41,Itally,Ugacof (U) Ltd
June,2024,5650,12250,12750,11500,45.41605,22.5,68.36,3747.19011695906,4.06,4.07,3.94,667037,162.36,614486,149949090,52551,12415084,176.41,Itally,Ugacof (U) Ltd
July,2024,5900,12000,12750,11000,123.3344,22.8,62.65,3705.85480676329,4.27,4.27,4.23,821593,210.48,722444,197997569,49149,12481044,176.41,Itally,Ugacof (U) Ltd
August,2024,6250,12500,12750,11500,94.13236,23.0,56.56,3723.64728650138,4.41,4.42,4.30,837915,221.63,785667,208138678,52248,13494978,176.41,Itally,Ugacof (U) Ltd
September,2024,6750,12750,12750,11500,85.91017,23.0,62.16,3711.31308802309,4.53,4.53,4.53,532212,144.71,504576,137195402,27636,7512674,176.41,Itally,Olam Uganda Ltd
October,2024,6500,12500,12500,11500,163.5158,23.1,76.18,3667.92606749311,4.66,4.64,4.96,496820,139.04,457853,127457821,38967,11589391,176.41,Itally,Ugacof (U) Ltd
November,2024,6500,12500,12500,11500,334.4308,23.3,74.96,3678.64754689755,4.53,4.64,4.99,400536,108.91,342982,91662754,57554,17248140,176.41,Itally,Ugacof (U) Ltd
December,2024,6500,12500,12500,11500,90.15173,23.2,64.41,3664.08171212121,4.64,4.55,5.33,413079,114.03,365853,99910582,47226,15115114,176.41,Itally,Ugacof (U) Ltd
January,2025,7000,13000,13250,13000,63.85384,24.5,58.74,3688.95898760331,4.47,4.65,5.40,550341,156.50,485999,135665270,64342,20834040,310.12,Itally,Ugacof (U) Ltd
February,2025,7750,15500,14500,13250,19.85459,23.6,50.24,3677.71232954546,5.03,4.83,5.06,555756,167.78,466691,135316273,89065,32358897,354.32,Itally,Ugacof (U) Ltd
