,Month,Year,Robusta_Kiboko_Price,FAQ_Price,Arabica_Parchment_Price,Drugar_Price,Rainfall,Temperature,Average_Relative_Humidity,Exchange_Rate,Average-Export-Price,Export_Price_Robusta,Export_Price_Arabica,Total_Export_Volume,Export_Value,Robusta_Export_Volume,Robusta_Export_Value,Arabica_Export_Volume,Arabica_Export_Value,ICO_Composite_Price,Top_Importing_Country,Top_Exporter_in_Uganda
0,January,1992,-1.016189022152405,-1.0654653852341915,-1.1216909303019973,-1.3052952373671496,-1.3215615416657482,23.3,66.16,970.00,0.85,0.81,1.26,171101,-0.8837189833504319,157015,7645211,13003,1067793,61.12,Itally,Kyagalanyi Coffee Ltd
1,February,1992,-1.0299484302014492,-1.0789939364555428,-1.1338233634033212,-1.3146406190535873,-1.1246363535208475,23.8,66.89,985.48,0.85,0.81,1.26,171101,-0.8837189833504319,157015,7645211,13003,1067793,55.51,Itally,Kyagalanyi Coffee Ltd
2,March,1992,-0.9975733524389925,-1.0467641526635003,-1.1050886534265014,-1.2923155405804305,-1.0614489151668436,24.2,70.99,1160.08,0.85,0.81,1.26,171101,-0.8837189833504319,157015,7645211,13003,1067793,56.48,Itally,Kyagalanyi Coffee Ltd
3,April,1992,-1.0072858757677294,-1.0567116167968467,-1.1140283409748455,-1.2993245768452588,-0.18894333425197357,23.7,71.59,1158.91,0.85,0.81,1.26,171101,-0.8837189833504319,157015,7645211,13003,1067793,53.64,Itally,Kyagalanyi Coffee Ltd
4,May,1992,-1.021854660760835,-1.0710359651488655,-1.1267993231867652,-1.3091891464031653,-0.10502355991393146,22.8,62.59,1164.94,0.85,0.81,1.26,171101,-0.8837189833504319,157015,7645211,13003,1067793,49.27,Itally,Kyagalanyi Coffee Ltd
5,June,1992,-0.9943358446627468,-1.044774659836831,-1.1028537315394156,-1.2910175709017586,-0.33020026995109103,22.1,59.61,1166.06,0.85,0.81,1.26,171101,-0.8837189833504319,157015,7645211,13003,1067793,48.13,Itally,Kyagalanyi Coffee Ltd
6,July,1992,-1.027520299369265,-1.0742191536715364,-1.1210523811914013,-1.2886812254801492,-0.3475954618667227,22.3,52.31,1177.86,0.85,0.81,1.26,171101,-0.8837189833504319,157015,7645211,13003,1067793,48.7,Itally,Kyagalanyi Coffee Ltd
7,August,1992,-1.0194265299286507,-1.0662611823648593,-1.1207331066361033,-1.295430667809243,-1.2292941234452244,22.3,64.18,1185.29,0.85,0.81,1.26,171101,-0.8837189833504319,157015,7645211,13003,1067793,45.89,Itally,Kyagalanyi Coffee Ltd
8,September,1992,-1.023473414648958,-1.0821771249782135,-1.1200945575255072,-1.2920559466446961,-0.0934415880714299,23.2,65.86,1185.15,0.85,0.81,1.26,171101,-0.8837189833504319,157015,7645211,13003,1067793,47.11,Itally,Kyagalanyi Coffee Ltd
9,October,1992,-1.0153796452083437,-1.0622821967115208,-1.1175403610831234,-1.2759611226291645,0.09380635390861612,23.5,67.15,1181.07,0.85,0.81,1.26,171101,-0.8837189833504319,157015,7645211,13003,1067793,52.88,Itally,Kyagalanyi Coffee Ltd
10,November,1992,-0.9951452216068083,-1.0423872684448279,-1.1047693788712034,-1.260645080420836,0.6500805784864837,23.2,68.28,1196.34,0.85,0.81,1.26,171101,-0.8837189833504319,157015,7645211,13003,1067793,57.49,Itally,Kyagalanyi Coffee Ltd
11,December,1992,-0.9546763744037375,-1.0025974119114422,-1.1006188096523295,-1.2388391898191478,0.09986886598766397,23.8,67.78,1213.93,0.85,0.81,1.26,171101,-0.8837189833504319,157015,7645211,13003,1067793,64.0,Itally,Kyagalanyi Coffee Ltd
12,January,1993,-0.9546763744037375,-1.0025974119114422,-1.0868900037745157,-1.27154802572168,-0.8757506261965564,24.3,63.38,1217.12,0.87,0.82,1.22,174054,-0.8709138598906393,153459,7548012,22467,1509820,58.14,Itally,Ugacof (U) Ltd
13,February,1993,-0.9789576827255799,-1.0264713258314737,-1.0872092783298137,-1.2738843711432895,-0.6076793860968378,24.7,66.46,1217.09,0.87,0.82,1.22,174054,-0.8709138598906393,153459,7548012,22467,1509820,57.32,Itally,Ugacof (U) Ltd
14,March,1993,-0.9708639132849658,-1.0185133545247964,-1.0872092783298137,-1.2806338134723834,-0.07643987326784138,24.5,67.35,1217.52,0.87,0.82,1.22,174054,-0.8709138598906393,153459,7548012,22467,1509820,54.76,Itally,Ugacof (U) Ltd
15,April,1993,-0.9789576827255799,-1.0264713258314737,-1.0865707292192177,-1.2904983830302899,0.5161474376639219,23.3,75.78,1218.09,0.87,0.82,1.22,174054,-0.8709138598906393,153459,7548012,22467,1509820,51.38,Itally,Ugacof (U) Ltd
16,May,1993,-0.9749107980052729,-1.022492340178135,-1.0897634747721976,-1.282450971022524,0.24732306620146036,22.7,69.36,1213.27,0.87,0.82,1.22,174054,-0.8709138598906393,153459,7548012,22467,1509820,54.18,Itally,Ugacof (U) Ltd
17,June,1993,-0.9789576827255799,-1.0264713258314737,-1.0888056511063038,-1.283748940701196,-1.121742005955925,22.5,63.26,1199.09,0.87,0.82,1.22,174054,-0.8709138598906393,153459,7548012,22467,1509820,54.54,Itally,Ugacof (U) Ltd
18,July,1993,-0.9546763744037375,-1.0025974119114422,-1.0862514546639197,-1.264019801585383,-1.4177654827883661,21.4,50.11,1197.57,0.87,0.82,1.22,174054,-0.8709138598906393,153459,7548012,22467,1509820,60.61,Itally,Ugacof (U) Ltd
19,August,1993,-0.9384888355225092,-0.986681469298088,-1.0744382961178938,-1.2500017290557262,-0.9401414038007471,22.1,50.41,1196.65,0.87,0.82,1.22,174054,-0.8709138598906393,153459,7548012,22467,1509820,67.69,Itally,Ugacof (U) Ltd
20,September,1993,-0.9142075272006667,-0.9628075553780566,-1.056878195576504,-1.2679137106213987,-0.20416092680780495,22.0,57.84,1181.99,0.87,0.82,1.22,174054,-0.8709138598906393,153459,7548012,22467,1509820,71.64,Itally,Ugacof (U) Ltd
21,October,1993,-0.9142075272006667,-0.9230176988446709,-1.0335711530397504,-1.2523380744773356,-0.7620113506252505,22.8,71.17,1170.84,0.87,0.82,1.22,174054,-0.8709138598906393,153459,7548012,22467,1509820,67.78,Itally,Ugacof (U) Ltd
22,November,1993,-0.9344419508022022,-0.9827024836447494,-1.0329326039291544,-1.2463674139554448,0.20176596276326414,22.5,74.72,1165.01,0.87,0.82,1.22,174054,-0.8709138598906393,153459,7548012,22467,1509820,70.03,Itally,Ugacof (U) Ltd
23,December,1993,-0.8737386799975959,-0.8832278423112853,-1.0345289767056443,-1.2427330988551635,-0.43150041343684525,22.4,75.39,1146.00,0.87,0.82,1.22,174054,-0.8709138598906393,153459,7548012,22467,1509820,71.5,Itally,Ugacof (U) Ltd
24,January,1994,-0.7928009855914544,-0.8832278423112853,-0.9770595567520051,-1.2583087349992266,-0.9859655865663639,22.3,70.28,"1,112.71",1.52,1.3,2.54,250434,-0.3678554382559342,205997,16025593,44437,6779311,69.17,Itally,Kyagalanyi Coffee Ltd
25,February,1994,-0.7118632911853128,-0.803648129244514,-0.897240917927506,-1.2580491410634922,-0.5983392905259323,22.6,65.63,"1,047.22",1.52,1.3,2.54,250434,-0.3678554382559342,205997,16025593,44427,6779311,72.37,Itally,Kyagalanyi Coffee Ltd
26,March,1994,-0.671394443982242,-0.7638582727111283,-0.8493497346328066,-1.241694723112226,0.4918852616285244,23.4,69.65,"1,079.22",1.52,1.3,2.54,250434,-0.3678554382559342,205997,16025593,44427,6779311,76.11,Itally,Kyagalanyi Coffee Ltd
27,April,1994,-0.671394443982242,-0.7638582727111283,-0.817422279103007,-1.2440310685338354,0.731384808048924,22.2,78.74,"1,007.03",1.52,1.3,2.54,250434,-0.3678554382559342,205997,16025593,44427,6779311,81.19,Itally,Kyagalanyi Coffee Ltd
28,May,1994,-0.6309255967791713,-0.7638582727111283,-0.817422279103007,-1.192631469258428,1.1169627323153257,21.7,63.9,965.71,1.52,1.3,2.54,250434,-0.3678554382559342,205997,16025593,44427,6779311,108.42,Itally,Kyagalanyi Coffee Ltd
29,June,1994,-0.671394443982242,-0.7240684161777426,-0.7854948235732073,-1.156547912191349,-0.6221419607558274,21.5,54.54,962.59,1.52,1.3,2.54,250434,-0.3678554382559342,205997,16025593,44427,6779311,127.91,Itally,Kyagalanyi Coffee Ltd
30,July,1994,-0.4285813607638173,-0.4853292769774287,-0.7695310958083076,-0.9732745935628755,-0.37895774373552804,21.5,50.01,967.07,1.52,1.3,2.54,250434,-0.3678554382559342,205997,16025593,44427,6779311,191.44,Itally,Kyagalanyi Coffee Ltd
31,August,1994,-0.307174819154605,-0.3659597073772718,-0.6737487292189087,-1.0142904354089077,-0.15907410936996189,22.0,43.89,921.38,1.52,1.3,2.54,250434,-0.3678554382559342,205997,16025593,44427,6779311,181.53,Itally,Kyagalanyi Coffee Ltd
32,September,1994,-0.38811251356074655,-0.3858546356439646,-0.6418212736891091,-0.9792452540847663,0.08677631934173631,22.0,56.34,920.79,1.52,1.3,2.54,250434,-0.3678554382559342,205997,16025593,44427,6779311,202.39,Itally,Kyagalanyi Coffee Ltd
33,October,1994,-0.5904567495761005,-0.5848039183108928,-0.7056761847487083,-1.0065026173368763,-0.017302419366733008,22.8,60.26,919.78,1.52,1.3,2.54,250434,-0.3678554382559342,205997,16025593,44427,6779311,185.64,Itally,Kyagalanyi Coffee Ltd
34,November,1994,-0.5297534787714943,-0.4753818128440823,-0.6098938181593095,-1.0446629258898303,1.999796009401842,22.7,70.07,920.14,1.52,1.3,2.54,250434,-0.3678554382559342,205997,16025593,44427,6779311,168.12,Itally,Kyagalanyi Coffee Ltd
35,December,1994,-0.5499879023730296,-0.6046988465775857,-0.6737487292189087,-1.0890534889004095,-0.04189473886942715,22.6,64.73,929.75,1.52,1.3,2.54,250434,-0.3678554382559342,205997,16025593,44427,6779311,149.14,Itally,Kyagalanyi Coffee Ltd
36,January,1995,-0.5095190551699589,-0.5649089900442,-0.7535673680434077,,-1.42781195062685,23.0,60.57,925.04,2.58,2.47,3.08,232646,0.11617822852422219,190342,28230196,44437,7810980,152.08,Itally,Ugacof (U) Ltd
37,February,1995,-0.4690502079668881,-0.5251191335108144,-0.8014585513381072,,-0.5606917508019809,23.8,72.39,925.53,2.58,2.47,3.08,232646,0.11617822852422219,190342,28230196,44437,7810980,152.24,Itally,Ugacof (U) Ltd
38,March,1995,-0.5499879023730296,-0.5450140617775072,-0.8094404152205571,,0.6402355655392682,23.2,70.55,927.04,2.58,2.47,3.08,232646,0.11617822852422219,190342,28230196,44437,7810980,162.73,Itally,Ugacof (U) Ltd
39,April,1995,-0.570222325974565,-0.5649089900442,-0.8094404152205571,,1.8899727743624146,23.1,69.91,928.83,2.58,2.47,3.08,232646,0.11617822852422219,190342,28230196,44437,7810980,159.59,Itally,Ugacof (U) Ltd
40,May,1995,-0.5297534787714943,-0.5450140617775072,-0.8014585513381072,,0.5024997109831937,23.0,65.36,941.02,2.58,2.47,3.08,232646,0.11617822852422219,190342,28230196,44437,7810980,155.96,Itally,Ugacof (U) Ltd
41,June,1995,-0.4690502079668881,-0.5251191335108144,-0.7854948235732073,,-1.063594578199399,22.4,54.42,964.81,2.58,2.47,3.08,232646,0.11617822852422219,190342,28230196,44437,7810980,141.66,Itally,Ugacof (U) Ltd
42,July,1995,-0.4285813607638173,-0.4853292769774287,-0.7854948235732073,,-0.2517649197432389,21.8,53.44,968.93,2.58,2.47,3.08,232646,0.11617822852422219,190342,28230196,44437,7810980,132.71,Itally,Ugacof (U) Ltd
43,August,1995,-0.4690502079668881,-0.5052242052441216,-0.822211397432477,,-1.4565530281177572,22.1,58.85,970.03,2.58,2.47,3.08,232646,0.11617822852422219,190342,28230196,44437,7810980,141.7,Itally,Ugacof (U) Ltd
44,September,1995,-0.5904567495761005,-0.6046988465775857,-0.822211397432477,,0.5483424895849279,22.4,62.58,977.70,2.58,2.47,3.08,232646,0.11617822852422219,190342,28230196,44437,7810980,124.76,Itally,Ugacof (U) Ltd
45,October,1995,-0.6106911731776359,-0.5728669613508772,-0.8445606163033367,,1.5186314449204492,23.0,69.81,"1,043.38",2.58,2.47,3.08,232646,0.11617822852422219,190342,28230196,44437,7810980,120.02,Itally,Ugacof (U) Ltd
46,November,1995,-0.5297534787714943,-0.5529720330841843,-0.8764880718331363,,0.20209880127927313,23.0,72.17,"1,028.30",2.58,2.47,3.08,232646,0.11617822852422219,190342,28230196,44437,7810980,117.99,Itally,Ugacof (U) Ltd
47,December,1995,-0.6163568117860657,-0.6922365309510341,-0.8908554268215461,,-0.799044284490288,23.1,67.36,"1,023.25",2.58,2.47,3.08,232646,0.11617822852422219,190342,28230196,44437,7810980,99.57,Itally,Ugacof (U) Ltd
48,January,1996,-0.7118632911853128,-0.7041734879110498,-0.9610958289871052,,0.39970651051064576,23.2,72.83,"1,017.72",1.56,1.53,1.89,345734,-0.013336448754821898,313529,28761398,32205,3648282,100.33,Itally,Kyagalanyi Coffee Ltd
49,February,1996,-0.6309255967791713,-0.684278559644357,-0.8653134623977063,,0.4120174930299122,24.1,71.49,"1,022.37",1.56,1.53,1.89,345734,-0.013336448754821898,313529,28761398,32205,3648282,110.5,Itally,Kyagalanyi Coffee Ltd
50,March,1996,-0.6309255967791713,-0.6643836313776642,-0.8653134623977063,,1.0982981724560483,24.3,70.16,"1,016.60",1.56,1.53,1.89,345734,-0.013336448754821898,313529,28761398,32205,3648282,105.89,Itally,Kyagalanyi Coffee Ltd
51,April,1996,-0.671394443982242,-0.6643836313776642,-0.8573315985152565,,0.42869041189056056,23.1,76.31,"1,013.56",1.56,1.53,1.89,345734,-0.013336448754821898,313529,28761398,32205,3648282,107.09,Itally,Kyagalanyi Coffee Ltd
52,May,1996,-0.7118632911853128,-0.7041734879110498,-0.8812771901626062,,0.5211642708424714,22.6,67.15,"1,018.00",1.56,1.53,1.89,345734,-0.013336448754821898,313529,28761398,32205,3648282,110.24,Itally,Kyagalanyi Coffee Ltd
53,June,1996,-0.7523321383883835,-0.7141209520443963,-0.8653134623977063,,-0.2855662206969689,22.3,55.51,"1,041.36",1.56,1.53,1.89,345734,-0.013336448754821898,313529,28761398,32205,3648282,105.79,Itally,Kyagalanyi Coffee Ltd
54,July,1996,-0.7928009855914544,-0.7638582727111283,-0.8573315985152565,,-0.6216311142723496,21.5,50.08,"1,055.44",1.56,1.53,1.89,345734,-0.013336448754821898,313529,28761398,32205,3648282,99.97,Itally,Kyagalanyi Coffee Ltd
55,August,1996,-0.8332698327945252,-0.8434379857778996,-0.8812771901626062,,-0.3640298689163038,21.7,58.94,"1,067.44",1.56,1.53,1.89,345734,-0.013336448754821898,313529,28761398,32205,3648282,102.73,Itally,Kyagalanyi Coffee Ltd
56,September,1996,-0.7928009855914544,-0.803648129244514,-0.8653134623977063,,0.876274669412659,22.0,60.34,"1,074.97",1.56,1.53,1.89,345734,-0.013336448754821898,313529,28761398,32205,3648282,96.52,Itally,Kyagalanyi Coffee Ltd
57,October,1996,-0.8332698327945252,-0.8832278423112853,-0.9132046456924058,,-0.37308927516378926,23.0,68.45,"1,105.05",1.56,1.53,1.89,345734,-0.013336448754821898,313529,28761398,32205,3648282,98.56,Itally,Kyagalanyi Coffee Ltd
58,November,1996,-0.8737386799975959,-0.9031227705779781,-0.9291683734573056,,1.9208324296463157,22.4,69.98,"1,081.48",1.56,1.53,1.89,345734,-0.013336448754821898,313529,28761398,32205,3648282,97.14,Itally,Kyagalanyi Coffee Ltd
59,December,1996,-0.9142075272006667,-0.9230176988446709,-0.9451321012222055,,-0.5758823928706861,22.7,74.24,"1,030.35",1.56,1.53,1.89,345734,-0.013336448754821898,313529,28761398,32205,3648282,90.04,Itally,Kyagalanyi Coffee Ltd
60,January,1997,-0.7523321383883835,-0.7837532009778211,-0.8493497346328066,,0.2242130234907096,23.1,70.13,"1,044.85",1.4,1.27,2.46,353093,-0.11980190380623952,315751,24071576,37342,5522311,100.03,Itally,Ugacof (U) Ltd
61,February,1997,-0.671394443982242,-0.684278559644357,-0.7535673680434077,,-1.5695673355853674,24.2,68.12,"1,033.11",1.4,1.27,2.46,353093,-0.11980190380623952,315751,24071576,37342,5522311,121.89,Itally,Ugacof (U) Ltd
62,March,1997,-0.7118632911853128,-0.7141209520443963,-0.7854948235732073,,-0.13043921679833198,24.1,68.91,"1,024.95",1.4,1.27,2.46,353093,-0.11980190380623952,315751,24071576,37342,5522311,137.47,Itally,Ugacof (U) Ltd
63,April,1997,-0.6309255967791713,-0.684278559644357,-0.7216399125136082,,2.185095431162661,23.6,71.56,"1,046.46",1.4,1.27,2.46,353093,-0.11980190380623952,315751,24071576,37342,5522311,142.2,Itally,Ugacof (U) Ltd
64,May,1997,-0.5499879023730296,-0.5450140617775072,-0.5620026348646101,,-0.6551142647255545,22.6,74.38,"1,065.30",1.4,1.27,2.46,353093,-0.11980190380623952,315751,24071576,37342,5522311,180.44,Itally,Ugacof (U) Ltd
65,June,1997,-0.6916288675837774,-0.6643836313776642,-0.6897124569838086,,-0.9430848012522391,22.3,68.28,"1,067.59",1.4,1.27,2.46,353093,-0.11980190380623952,315751,24071576,37342,5522311,155.38,Itally,Ugacof (U) Ltd
66,July,1997,-0.7118632911853128,-0.6444887031109714,-0.5300751793348104,,-0.7578947984691531,21.4,56.99,"1,068.02",1.4,1.27,2.46,353093,-0.11980190380623952,315751,24071576,37342,5522311,135.04,Itally,Ugacof (U) Ltd
67,August,1997,-0.7523321383883835,-0.7439633444444355,-0.5939300903944097,,-0.39504314197682444,21.4,56.22,"1,098.17",1.4,1.27,2.46,353093,-0.11980190380623952,315751,24071576,37342,5522311,132.63,Itally,Ugacof (U) Ltd
68,September,1997,-0.7118632911853128,-0.7539108085777819,-0.6098938181593095,,-0.4988556098724866,22.0,64.58,"1,117.12",1.4,1.27,2.46,353093,-0.11980190380623952,315751,24071576,37342,5522311,132.51,Itally,Ugacof (U) Ltd
69,October,1997,-0.7523321383883835,-0.7439633444444355,-0.6418212736891091,,0.9430000329641599,22.7,74.5,"1,140.40",1.4,1.27,2.46,353093,-0.11980190380623952,315751,24071576,37342,5522311,121.09,Itally,Ugacof (U) Ltd
70,November,1997,-0.7118632911853128,-0.7240684161777426,-0.6418212736891091,,4.918489296869866,22.4,72.83,"1,147.19",1.4,1.27,2.46,353093,-0.11980190380623952,315751,24071576,37342,5522311,118.16,Itally,Ugacof (U) Ltd
71,December,1997,-0.671394443982242,-0.7041734879110498,-0.6258575459242093,,2.810474747305277,22.7,74.67,"1,142.94",1.4,1.27,2.46,353093,-0.11980190380623952,315751,24071576,37342,5522311,130.02,Itally,Ugacof (U) Ltd
72,January,1998,-0.6106911731776359,-0.6046988465775857,-0.5045332149109708,,0.732662261138708,22.7,72.93,"1,148.07",1.52,1.41,2.4,252695,-0.3594406428394991,224273,18946801,28422,4092719,130.61,Itally,Kyagalanyi Coffee Ltd
73,February,1998,-0.5904567495761005,-0.5848039183108928,-0.4981477238050108,,-0.30554057423058156,23.3,69.74,"1,152.52",1.52,1.41,2.4,252695,-0.3594406428394991,224273,18946801,28422,4092719,130.78,Itally,Kyagalanyi Coffee Ltd
74,March,1998,-0.566175441254258,-0.5450140617775072,-0.4263109488629617,,1.0753430950462737,23.3,73.15,"1,152.39",1.52,1.41,2.4,252695,-0.3594406428394991,224273,18946801,28422,4092719,119.93,Itally,Kyagalanyi Coffee Ltd
75,April,1998,-0.5014252857293447,-0.5390455832974994,-0.5779663626295098,,1.5505542969214805,23.4,72.62,"1,174.51",1.52,1.41,2.4,252695,-0.3594406428394991,224273,18946801,28422,4092719,119.66,Itally,Kyagalanyi Coffee Ltd
76,May,1998,-0.513565939890266,-0.5688879756975386,-0.5939300903944097,,-0.10210886473122856,22.5,63.17,"1,223.48",1.52,1.41,2.4,252695,-0.3594406428394991,224273,18946801,28422,4092719,114.23,Itally,Kyagalanyi Coffee Ltd
77,June,1998,-0.6106911731776359,-0.6444887031109714,-0.6769414747718887,,-1.1475332178784299,22.4,59.8,"1,231.02",1.52,1.41,2.4,252695,-0.3594406428394991,224273,18946801,28422,4092719,103.84,Itally,Kyagalanyi Coffee Ltd
78,July,1998,-0.671394443982242,-0.684278559644357,-0.6737487292189087,,-1.4051331157101192,21.8,58.45,"1,235.02",1.52,1.41,2.4,252695,-0.3594406428394991,224273,18946801,28422,4092719,97.32,Itally,Kyagalanyi Coffee Ltd
79,August,1998,-0.6309255967791713,-0.6245937748442786,-0.7056761847487083,,-0.5329982387456706,22.4,55.81,"1,244.37",1.52,1.41,2.4,252695,-0.3594406428394991,224273,18946801,28422,4092719,101.25,Itally,Kyagalanyi Coffee Ltd
80,September,1998,-0.5904567495761005,-0.5649089900442,-0.7216399125136082,,-0.05465714204805814,22.0,62.99,"1,284.84",1.52,1.41,2.4,252695,-0.3594406428394991,224273,18946801,28422,4092719,95.82,Itally,Kyagalanyi Coffee Ltd
81,October,1998,-0.7118632911853128,-0.7439633444444355,-0.6098938181593095,,-0.6185086308339033,22.2,70.45,"1,314.19",1.52,1.41,2.4,252695,-0.3594406428394991,224273,18946801,28422,4092719,95.01,Itally,Kyagalanyi Coffee Ltd
82,November,1998,-0.6956757523040845,-0.7240684161777426,-0.5939300903944097,,0.8533761880258489,24.2,72.24,"1,353.82",1.52,1.41,2.4,252695,-0.3594406428394991,224273,18946801,28422,4092719,98.26,Itally,Kyagalanyi Coffee Ltd
83,December,1998,-0.7118632911853128,-0.7240684161777426,-0.5939300903944097,,-1.2700623948259586,22.7,69.38,"1,368.44",1.52,1.41,2.4,252695,-0.3594406428394991,224273,18946801,28422,4092719,100.73,Itally,Kyagalanyi Coffee Ltd
84,January,1999,-0.6875819828634704,-0.6763205883376798,-0.6386285281361291,,0.1471696659429276,23.3,70.18,"1,369.21",1.29,1.26,1.64,303999,-0.3396841666443907,274295,20655758,29704,2927201,97.62,Itally,Ugacof (U) Ltd
85,February,1999,-0.671394443982242,-0.6743310955110106,-0.6609777470069889,,-0.9446021136774466,23.9,67.98,"1,377.35",1.29,1.26,1.64,303999,-0.3396841666443907,274295,20655758,29704,2927201,92.36,Itally,Ugacof (U) Ltd
86,March,1999,-0.6997226370243915,-0.6643836313776642,-0.7120616758546683,,2.070747209334738,24.0,70.31,"1,381.16",1.29,1.26,1.64,303999,-0.3396841666443907,274295,20655758,29704,2927201,89.4,Itally,Ugacof (U) Ltd
87,April,1999,-0.6916288675837774,-0.6046988465775857,-0.7535673680434077,,1.5533881406428043,23.0,72.52,"1,449.73",1.29,1.26,1.64,303999,-0.3396841666443907,274295,20655758,29704,2927201,85.71,Itally,Ugacof (U) Ltd
88,May,1999,-0.7320977147868482,-0.6643836313776642,-0.7535673680434077,,0.9575169128547091,22.6,68.34,"1,518.97",1.29,1.26,1.64,303999,-0.3396841666443907,274295,20655758,29704,2927201,89.51,Itally,Ugacof (U) Ltd
89,June,1999,-0.7928009855914544,-0.7141209520443963,-0.817422279103007,,-1.3066404044683053,22.1,55.61,"1,447.22",1.29,1.26,1.64,303999,-0.3396841666443907,274295,20655758,29704,2927201,86.4,Itally,Ugacof (U) Ltd
90,July,1999,-0.7320977147868482,-0.7439633444444355,-0.9531139651046553,,-0.9688793819856346,21.3,52.75,"1,454.51",1.29,1.26,1.64,303999,-0.3396841666443907,274295,20655758,29704,2927201,78.2,Itally,Ugacof (U) Ltd
91,August,1999,-0.6228318273385571,-0.6862680524710263,-0.8812771901626062,,-0.2499012935584594,22.1,56.76,"1,463.40",1.29,1.26,1.64,303999,-0.3396841666443907,274295,20655758,29704,2927201,77.22,Itally,Ugacof (U) Ltd
92,September,1999,-0.6309255967791713,-0.7141209520443963,-0.9770595567520051,,0.6618997146156961,22.4,64.47,"1,491.67",1.29,1.26,1.64,303999,-0.3396841666443907,274295,20655758,29704,2927201,71.94,Itally,Ugacof (U) Ltd
93,October,1999,-0.6916288675837774,-0.7041734879110498,-0.9770595567520051,,0.7428791908082655,22.9,69.42,"1,507.80",1.29,1.26,1.64,303999,-0.3396841666443907,274295,20655758,29704,2927201,76.36,Itally,Ugacof (U) Ltd
94,November,1999,-0.6916288675837774,-0.684278559644357,-0.7854948235732073,,1.2423633489137202,22.4,68.44,"1,503.54",1.29,1.26,1.64,303999,-0.3396841666443907,274295,20655758,29704,2927201,88.22,Itally,Ugacof (U) Ltd
95,December,1999,-0.7118632911853128,-0.684278559644357,-0.7695310958083076,,0.6501533448017243,22.7,70.04,"1,502.47",1.29,1.26,1.64,303999,-0.3396841666443907,274295,20655758,29704,2927201,95.62,Itally,Ugacof (U) Ltd
96,January,2000,-0.772566561989919,-0.7041734879110498,-0.7376036402785079,,-1.423278743939781,23.2,64.64,"1,525.75",0.94,0.85,1.36,243105,-0.7000569268699796,199224,10154177,43881,3574982,82.14,Itally,Kyagalanyi Coffee Ltd
97,February,2000,-0.7118632911853128,-0.684278559644357,-0.7376036402785079,,-1.0343873920336437,24.0,71.39,"1,519.43",0.94,0.85,1.36,243105,-0.7000569268699796,199224,10154177,43881,3574982,76.15,Itally,Kyagalanyi Coffee Ltd
98,March,2000,-0.8737386799975959,-0.7439633444444355,-0.7216399125136082,,-0.18138372261306318,23.9,68.69,"1,513.68",0.94,0.85,1.36,243105,-0.7000569268699796,199224,10154177,43881,3574982,73.49,Itally,Kyagalanyi Coffee Ltd
99,April,2000,-0.9142075272006667,-0.8633329140445924,-0.7535673680434077,,0.3867258083862922,23.9,72.32,"1,525.86",0.94,0.85,1.36,243105,-0.7000569268699796,199224,10154177,43881,3574982,69.53,Itally,Kyagalanyi Coffee Ltd
100,May,2000,-0.9142075272006667,-0.803648129244514,-0.8254041429854568,,-0.17148615621595162,22.8,66.73,"1,579.67",0.94,0.85,1.36,243105,-0.7000569268699796,199224,10154177,43881,3574982,69.23,Itally,Kyagalanyi Coffee Ltd
101,June,2000,-0.8939731035991313,-0.8633329140445924,-0.8333860068679068,,-1.025823335739538,22.7,56.38,"1,565.57",0.94,0.85,1.36,243105,-0.7000569268699796,199224,10154177,43881,3574982,64.56,Itally,Kyagalanyi Coffee Ltd
102,July,2000,-0.8535042563960605,-0.8633329140445924,-0.8653134623977063,,-1.0794565569024188,21.8,53.07,"1,596.42",0.94,0.85,1.36,243105,-0.7000569268699796,199224,10154177,43881,3574982,64.08,Itally,Kyagalanyi Coffee Ltd
103,August,2000,-0.8939731035991313,-0.8633329140445924,-0.8653134623977063,,-0.4322765874660811,22.6,60.84,"1,676.30",0.94,0.85,1.36,243105,-0.7000569268699796,199224,10154177,43881,3574982,57.58,Itally,Kyagalanyi Coffee Ltd
104,September,2000,-0.8535042563960605,-0.8633329140445924,-0.8653134623977063,,-0.3604683620425711,22.5,67.82,"1,770.51",0.94,0.85,1.36,243105,-0.7000569268699796,199224,10154177,43881,3574982,57.3,Itally,Kyagalanyi Coffee Ltd
105,October,2000,-0.9546763744037375,-0.853385449911246,-0.8653134623977063,,0.24893605285596576,23.1,60.75,"1,826.59",0.94,0.85,1.36,243105,-0.7000569268699796,199224,10154177,43881,3574982,56.39,Itally,Kyagalanyi Coffee Ltd
106,November,2000,-0.9546763744037375,-0.9269966844980095,-0.8653134623977063,,0.8070658184724745,23.4,74.85,"1,850.26",0.94,0.85,1.36,243105,-0.7000569268699796,199224,10154177,43881,3574982,52.17,Itally,Kyagalanyi Coffee Ltd
107,December,2000,-0.9546763744037375,-0.9528600912447102,-0.8014585513381072,,0.1178003725971074,23.3,72.27,"1,783.67",0.94,0.85,1.36,243105,-0.7000569268699796,199224,10154177,43881,3574982,48.27,Itally,Kyagalanyi Coffee Ltd
108,January,2001,-0.9344419508022022,-0.9429126271113637,-0.8493497346328066,,-0.2914050437328688,24.1,66.7,"1,830.44",0.57,0.51,0.91,256231,-0.8829872620098723,218148,6641997,38083,2089372,49.19,Itally,Ugacof (U) Ltd
109,February,2001,-0.9546763744037375,-0.9349546558046866,-0.8812771901626062,,-0.6194219828426117,24.2,68.36,"1,742.97",0.57,0.51,0.91,256231,-0.8829872620098723,218148,6641997,38083,2089372,49.38,Itally,Ugacof (U) Ltd
110,March,2001,-0.9344419508022022,-0.9369441486313559,-0.8653134623977063,,0.4266354372471847,24.0,74.28,"1,753.79",0.57,0.51,0.91,256231,-0.8829872620098723,218148,6641997,38083,2089372,48.51,Itally,Ugacof (U) Ltd
111,April,2001,-0.983004567445887,-0.9767340051647415,-0.897240917927506,,1.253984398962555,23.0,72.66,"1,773.82",0.57,0.51,0.91,256231,-0.8829872620098723,218148,6641997,38083,2089372,47.31,Itally,Ugacof (U) Ltd
112,May,2001,-0.9708639132849658,-0.9707655266847337,-0.897240917927506,,0.7549880446740849,22.7,61.69,"1,782.68",0.57,0.51,0.91,256231,-0.8829872620098723,218148,6641997,38083,2089372,49.38,Itally,Ugacof (U) Ltd
113,June,2001,-0.983004567445887,-0.9707655266847337,-0.897240917927506,,-0.6924886612624813,22.2,59.11,"1,767.64",0.57,0.51,0.91,256231,-0.8829872620098723,218148,6641997,38083,2089372,46.53,Itally,Ugacof (U) Ltd
114,July,2001,-1.0356140688098792,-1.022492340178135,-0.9930232845169048,,-0.7020816871550664,21.7,47.3,"1,725.74",0.57,0.51,0.91,256231,-0.8829872620098723,218148,6641997,38083,2089372,43.07,Itally,Ugacof (U) Ltd
115,August,2001,-1.07608291601295,-1.0423872684448279,-0.9770595567520051,,-0.14055912471423512,21.8,49.83,"1,750.61",0.57,0.51,0.91,256231,-0.8829872620098723,218148,6641997,38083,2089372,42.76,Itally,Ugacof (U) Ltd
116,September,2001,-1.07608291601295,-1.0622821967115208,-0.9770595567520051,,1.00960142427488,22.1,68.86,"1,752.90",0.57,0.51,0.91,256231,-0.8829872620098723,218148,6641997,38083,2089372,41.17,Itally,Ugacof (U) Ltd
117,October,2001,-1.0639422618520287,-1.0622821967115208,-1.0089870122818048,,1.1675191511154392,22.7,66.2,"1,737.69",0.57,0.51,0.91,256231,-0.8829872620098723,218148,6641997,38083,2089372,42.21,Itally,Ugacof (U) Ltd
118,November,2001,-1.0639422618520287,-1.0821771249782135,-1.0249507400467044,,1.6513275583839166,22.9,78.85,"1,736.22",0.57,0.51,0.91,256231,-0.8829872620098723,218148,6641997,38083,2089372,44.24,Itally,Ugacof (U) Ltd
119,December,2001,-1.0639422618520287,-1.0722296608448671,-1.0089870122818048,,-0.5842695192168076,22.6,74.21,"1,713.41",0.57,0.51,0.91,256231,-0.8829872620098723,218148,6641997,38083,2089372,43.35,Itally,Ugacof (U) Ltd
120,January,2002,-1.0437078382504932,-1.0762086464982057,-1.0089870122818048,,0.04868045826443986,23.9,71.54,"1,738.74",0.44,0.4,0.75,262198,-0.9466470186385549,226330,5374735,35869,1620011,43.46,Itally,Ugacof (U) Ltd
121,February,2002,-1.0032389910474224,-1.0622821967115208,-0.9291683734573056,,-0.8867829428541183,23.8,69.67,"1,741.44",0.44,0.4,0.75,262198,-0.9466470186385549,226330,5374735,35869,1620011,44.3,Itally,Ugacof (U) Ltd
122,March,2002,-1.0356140688098792,-0.9707655266847337,-0.897240917927506,,1.068028732840212,24.2,67.57,"1,771.03",0.44,0.4,0.75,262198,-0.9466470186385549,226330,5374735,35869,1620011,49.49,Itally,Ugacof (U) Ltd
123,April,2002,-0.9344419508022022,-0.958828569724718,-0.9291683734573056,,1.9444491415150393,22.9,74.98,"1,792.19",0.44,0.4,0.75,262198,-0.9466470186385549,226330,5374735,35869,1620011,50.2,Itally,Ugacof (U) Ltd
124,May,2002,-0.930395066081895,-0.958828569724718,-0.9291683734573056,,-0.49739704950921454,22.6,63.35,"1,797.59",0.44,0.4,0.75,262198,-0.9466470186385549,226330,5374735,35869,1620011,47.3,Itally,Ugacof (U) Ltd
125,June,2002,-0.9465826049631233,-0.9667865410313952,-0.9563067106576353,,-1.032566212866088,22.4,53.1,"1,797.17",0.44,0.4,0.75,262198,-0.9466470186385549,226330,5374735,35869,1620011,45.56,Itally,Ugacof (U) Ltd
126,July,2002,-0.9546763744037375,-1.0045869047381115,-0.9722704384225351,,-1.4128596856167766,22.0,54.18,"1,802.83",0.44,0.4,0.75,262198,-0.9466470186385549,226330,5374735,35869,1620011,44.7,Itally,Ugacof (U) Ltd
127,August,2002,-0.9910983368865012,-0.986681469298088,-0.9371502373397556,,-1.2748448935189456,21.7,52.58,"1,805.83",0.44,0.4,0.75,262198,-0.9466470186385549,226330,5374735,35869,1620011,42.79,Itally,Ugacof (U) Ltd
128,September,2002,-0.9546763744037375,-0.9978226291274359,-0.9483248467751854,,-0.8223890659439084,23.0,56.22,"1,812.64",0.44,0.4,0.75,262198,-0.9466470186385549,226330,5374735,35869,1620011,47.96,Itally,Ugacof (U) Ltd
129,October,2002,-0.9708639132849658,-0.972755019511403,-0.897240917927506,,-0.25557571862288914,23.2,66.99,"1,827.20",0.44,0.4,0.75,262198,-0.9466470186385549,226330,5374735,35869,1620011,50.79,Itally,Ugacof (U) Ltd
130,November,2002,-0.772566561989919,-0.8334905216445532,-0.897240917927506,,2.813522847399254,22.2,74.31,"1,832.32",0.44,0.4,0.75,262198,-0.9466470186385549,226330,5374735,35869,1620011,54.68,Itally,Ugacof (U) Ltd
131,December,2002,-0.7523321383883835,-0.7638582727111283,-0.8812771901626062,,0.6709160000837798,23.0,72.0,"1,845.01",0.44,0.4,0.75,262198,-0.9466470186385549,226330,5374735,35869,1620011,51.69,Itally,Ugacof (U) Ltd
132,January,2003,-0.7118632911853128,-0.7439633444444355,-0.9052227818099559,,-0.7328856896830518,23.9,63.19,"1,867.69",0.66,0.61,0.86,221991,-0.8829872620098723,185120,6820328,36871,1911930,54.04,Itally,Kyagalanyi Coffee Ltd
133,February,2003,-0.7685196772696119,-0.8295115359912146,-0.8892590540450561,,-1.082690480605132,24.3,63.91,"1,883.78",0.66,0.61,0.86,221991,-0.8829872620098723,185120,6820328,36871,1911930,54.07,Itally,Kyagalanyi Coffee Ltd
134,March,2003,-0.7118632911853128,-0.7718162440178055,-0.9132046456924058,,0.18429261443496667,24.5,63.87,"1,944.45",0.66,0.61,0.86,221991,-0.8829872620098723,185120,6820328,36871,1911930,49.61,Itally,Kyagalanyi Coffee Ltd
135,April,2003,-0.7118632911853128,-0.7638582727111283,-0.897240917927506,,0.6184353165028524,23.3,72.27,"1,976.53",0.66,0.61,0.86,221991,-0.8829872620098723,185120,6820328,36871,1911930,51.87,Itally,Kyagalanyi Coffee Ltd
136,May,2003,-0.7320977147868482,-0.7638582727111283,-0.8812771901626062,,0.3143031118563043,22.3,65.27,"1,997.85",0.66,0.61,0.86,221991,-0.8829872620098723,185120,6820328,36871,1911930,53.19,Itally,Kyagalanyi Coffee Ltd
137,June,2003,-0.7928009855914544,-0.8434379857778996,-0.8812771901626062,,-0.33460532707187507,22.3,59.96,"1,998.23",0.66,0.61,0.86,221991,-0.8829872620098723,185120,6820328,36871,1911930,48.9,Itally,Kyagalanyi Coffee Ltd
138,July,2003,-0.7928009855914544,-0.8434379857778996,-0.8892590540450561,,-0.37195465965577457,21.9,48.22,"1,995.28",0.66,0.61,0.86,221991,-0.8829872620098723,185120,6820328,36871,1911930,50.89,Itally,Kyagalanyi Coffee Ltd
139,August,2003,-0.762854038661182,-0.8135955933778604,-0.897240917927506,,-0.04687384136599981,21.9,47.49,"1,998.49",0.66,0.61,0.86,221991,-0.8829872620098723,185120,6820328,36871,1911930,52.22,Itally,Kyagalanyi Coffee Ltd
140,September,2003,-0.772566561989919,-0.803648129244514,-0.9132046456924058,,-0.6149771737533165,22.5,53.16,"1,993.55",0.66,0.61,0.86,221991,-0.8829872620098723,185120,6820328,36871,1911930,54.1,Itally,Kyagalanyi Coffee Ltd
141,October,2003,-0.772566561989919,-0.7638582727111283,-0.8493497346328066,,0.5894406349280876,23.4,68.72,"1,990.73",0.66,0.61,0.86,221991,-0.8829872620098723,185120,6820328,36871,1911930,51.72,Itally,Kyagalanyi Coffee Ltd
142,November,2003,-0.8535042563960605,-0.8295115359912146,-0.8493497346328066,,0.7405385410013515,23.0,71.06,"1,974.49",0.66,0.61,0.86,221991,-0.8829872620098723,185120,6820328,36871,1911930,49.8,Itally,Kyagalanyi Coffee Ltd
143,December,2003,-0.7928009855914544,-0.8175745790311989,-0.8493497346328066,,0.8025287039647724,23.0,69.99,"1,943.16",0.66,0.61,0.86,221991,-0.8829872620098723,185120,6820328,36871,1911930,52.44,Itally,Kyagalanyi Coffee Ltd
144,January,2004,-0.7118632911853128,-0.7041734879110498,-0.7695310958083076,,-0.0017708536358812398,23.8,67.81,"1,938.16",0.76,0.7,1.01,210254,-0.8496939410144119,162029,6884297,45307,2757774,58.68,Itally,Kyagalanyi Coffee Ltd
145,February,2004,-0.7928009855914544,-0.803648129244514,-0.8333860068679068,,-0.7668088068385924,24.9,64.95,"1,865.06",0.76,0.7,1.01,210254,-0.8496939410144119,162029,6884297,45307,2757774,59.87,Itally,Kyagalanyi Coffee Ltd
146,March,2004,-0.7118632911853128,-0.7638582727111283,-0.7695310958083076,,0.3393508945914317,24.2,66.14,"1,926.65",0.76,0.7,1.01,210254,-0.8496939410144119,162029,6884297,45307,2757774,60.8,Itally,Kyagalanyi Coffee Ltd
147,April,2004,-0.7320977147868482,-0.8235430575112068,-0.8413678707503567,,1.4922590457430671,23.4,75.15,"1,918.78",0.76,0.7,1.01,210254,-0.8496939410144119,162029,6884297,45307,2757774,58.8,Itally,Kyagalanyi Coffee Ltd
148,May,2004,-0.7928009855914544,-0.803648129244514,-0.8333860068679068,,-0.9911247183169402,22.9,60.09,"1,855.53",0.76,0.7,1.01,210254,-0.8496939410144119,162029,6884297,45307,2757774,59.91,Itally,Kyagalanyi Coffee Ltd
149,June,2004,-0.7928009855914544,-0.803648129244514,-0.8333860068679068,,-1.2325002881461975,22.2,50.96,"1,818.66",0.76,0.7,1.01,210254,-0.8496939410144119,162029,6884297,45307,2757774,64.28,Itally,Kyagalanyi Coffee Ltd
150,July,2004,-0.8332698327945252,-0.8454274786045689,-0.8573315985152565,,-1.2179823302361634,21.8,48.09,"1,748.26",0.76,0.7,1.01,210254,-0.8496939410144119,162029,6884297,45307,2757774,58.46,Itally,Kyagalanyi Coffee Ltd
151,August,2004,-0.8494573716757534,-0.867311899697931,-0.8653134623977063,,-0.6212705167546005,21.8,42.79,"1,731.52",0.76,0.7,1.01,210254,-0.8496939410144119,162029,6884297,45307,2757774,56.98,Itally,Kyagalanyi Coffee Ltd
152,September,2004,-0.8535042563960605,-0.8653224068712617,-0.8892590540450561,,0.3502227210981566,22.4,52.75,"1,721.17",0.76,0.7,1.01,210254,-0.8496939410144119,162029,6884297,45307,2757774,61.47,Itally,Kyagalanyi Coffee Ltd
153,October,2004,-0.8939731035991313,-0.8911858136179625,-0.8573315985152565,,0.3589937571333915,22.4,57.01,"1,735.44",0.76,0.7,1.01,210254,-0.8496939410144119,162029,6884297,45307,2757774,61.1,Itally,Kyagalanyi Coffee Ltd
154,November,2004,-0.8939731035991313,-0.8633329140445924,-0.8413678707503567,,1.2369018326975876,22.6,66.35,"1,730.89",0.76,0.7,1.01,210254,-0.8496939410144119,162029,6884297,45307,2757774,67.74,Itally,Kyagalanyi Coffee Ltd
155,December,2004,-0.8130354091929898,-0.8434379857778996,-0.6737487292189087,,0.5046341895635919,22.9,61.94,"1,739.14",0.76,0.7,1.01,210254,-0.8496939410144119,162029,6884297,45307,2757774,77.72,Itally,Kyagalanyi Coffee Ltd
156,January,2005,-0.8332698327945252,-0.8334905216445532,-0.6418212736891091,,-1.2514676367283382,23.2,59.3,"1,732.01",1.08,0.89,1.81,208741,-0.7081058616161349,165574,8819441,43167,4688579,79.35,Itally,Ugacof (U) Ltd
157,February,2005,-0.772566561989919,-0.7837532009778211,-0.6258575459242093,,-1.2283865657912483,23.8,68.69,"1,711.07",1.08,0.89,1.81,208741,-0.7081058616161349,165574,8819445,43167,4688579,89.4,Itally,Ugacof (U) Ltd
158,March,2005,-0.6956757523040845,-0.6743310955110106,-0.6098938181593095,,0.1769769047045488,24.2,68.01,"1,711.23",1.08,0.89,1.81,208741,-0.7081058616161349,165574,8819445,43167,4688579,101.44,Itally,Ugacof (U) Ltd
159,April,2005,-0.6511600203807066,-0.5828144254842236,-0.5141114515699107,,0.8492608486416722,24.0,66.49,"1,777.68",1.08,0.89,1.81,208741,-0.7081058616161349,165574,8819445,43167,4688579,98.2,Itally,Ugacof (U) Ltd
160,May,2005,-0.5095190551699589,-0.5052242052441216,-0.4981477238050108,,1.12764860046088,23.7,62.3,"1,775.62",1.08,0.89,1.81,208741,-0.7081058616161349,165574,8819445,43167,4688579,99.78,Itally,Ugacof (U) Ltd
161,June,2005,-0.5095190551699589,-0.4714028271907438,-0.4981477238050108,,-1.4226885282717163,22.1,51.4,"1,738.32",1.08,0.89,1.81,208741,-0.7081058616161349,165574,8819445,43167,4688579,96.29,Itally,Ugacof (U) Ltd
162,July,2005,-0.5095190551699589,-0.5052242052441216,-0.4981477238050108,,-0.20458270193133063,22.5,51.33,"1,752.12",1.08,0.89,1.81,208741,-0.7081058616161349,165574,8819445,43167,4688579,88.48,Itally,Ugacof (U) Ltd
163,August,2005,-0.671394443982242,-0.6245937748442786,-0.5779663626295098,,0.05097394471888318,22.9,54.79,"1,814.86",1.08,0.89,1.81,208741,-0.7081058616161349,165574,8819445,43167,4688579,85.31,Itally,Ugacof (U) Ltd
164,September,2005,-0.7118632911853128,-0.7240684161777426,-0.6098938181593095,,-0.11235004983919979,22.2,56.92,"1,847.61",1.08,0.89,1.81,208741,-0.7081058616161349,165574,8819445,43167,4688579,78.79,Itally,Ugacof (U) Ltd
165,October,2005,-0.570222325974565,-0.5848039183108928,-0.5300751793348104,,0.16359194527330168,22.6,65.73,"1,856.80",1.08,0.89,1.81,208741,-0.7081058616161349,165574,8819445,43167,4688579,82.55,Itally,Ugacof (U) Ltd
166,November,2005,-0.40834693716228193,-0.501245219590783,-0.5300751793348104,,-0.03004056710695034,23.9,68.28,"1,834.54",1.08,0.89,1.81,208741,-0.7081058616161349,165574,8819445,43167,4688579,85.93,Itally,Ugacof (U) Ltd
167,December,2005,-0.38811251356074655,-0.4455394204440431,-0.5300751793348104,,-1.4284896206256394,22.8,65.03,"1,816.13",1.08,0.89,1.81,208741,-0.7081058616161349,165574,8819445,43167,4688579,86.85,Itally,Ugacof (U) Ltd
168,January,2006,-0.38811251356074655,-0.4156970280440038,-0.45025654051031144,,-0.8342437767161275,23.8,71.02,"1,819.12",1.42,1.23,1.87,166860,-0.6832273360371095,117360,8656106,49501,5539193,101.2,Itally,Ugacof (U) Ltd
169,February,2006,-0.4690502079668881,-0.4853292769774287,-0.4981477238050108,,-0.18276358755392672,24.5,68.11,"1,815.84",1.42,1.23,1.87,166860,-0.6832273360371095,117360,8656106,49501,5539193,97.39,Itally,Ugacof (U) Ltd
170,March,2006,-0.6511600203807066,-0.5350665976441608,-0.5779663626295098,,0.02797439900534984,24.8,65.32,"1,820.94",1.42,1.23,1.87,166860,-0.6832273360371095,117360,8656106,49501,5539193,92.76,Itally,Ugacof (U) Ltd
171,April,2006,-0.6309255967791713,-0.5251191335108144,-0.5460389070997103,,0.5380164104425091,24.0,70.88,"1,827.48",1.42,1.23,1.87,166860,-0.6832273360371095,117360,8656106,49501,5539193,94.2,Itally,Ugacof (U) Ltd
172,May,2006,-0.6309255967791713,-0.5251191335108144,-0.6098938181593095,,0.15252068516184247,23.5,64.05,"1,836.34",1.42,1.23,1.87,166860,-0.6832273360371095,117360,8656106,49501,5539193,90.0,Itally,Ugacof (U) Ltd
173,June,2006,-0.5095190551699589,-0.4853292769774287,-0.6098938181593095,,-1.0698515380430629,22.1,53.29,"1,859.95",1.42,1.23,1.87,166860,-0.6832273360371095,117360,8656106,49501,5539193,86.04,Itally,Ugacof (U) Ltd
174,July,2006,-0.6309255967791713,-0.5450140617775072,-0.6098938181593095,,-0.6204498744216065,22.2,47.28,"1,857.72",1.42,1.23,1.87,166860,-0.6832273360371095,117360,8656106,49501,5539193,88.57,Itally,Ugacof (U) Ltd
175,August,2006,-0.5095190551699589,-0.4455394204440431,-0.5939300903944097,,-0.3811946341670059,22.6,55.79,"1,847.74",1.42,1.23,1.87,166860,-0.6832273360371095,117360,8656106,49501,5539193,95.78,Itally,Ugacof (U) Ltd
176,September,2006,-0.5095190551699589,-0.5052242052441216,-0.5939300903944097,,-0.7092146725827684,23.0,55.99,"1,854.68",1.42,1.23,1.87,166860,-0.6832273360371095,117360,8656106,49501,5539193,95.98,Itally,Ugacof (U) Ltd
177,October,2006,-0.3678780899592112,-0.4057495639106574,-0.5620026348646101,,-0.25139435054525305,23.3,64.19,"1,843.43",1.42,1.23,1.87,166860,-0.6832273360371095,117360,8656106,49501,5539193,95.53,Itally,Ugacof (U) Ltd
178,November,2006,-0.4285813607638173,-0.5052242052441216,-0.5620026348646101,,2.6900586233008807,23.0,67.29,"1,818.85",1.42,1.23,1.87,166860,-0.6832273360371095,117360,8656106,49501,5539193,103.48,Itally,Ugacof (U) Ltd
179,December,2006,-0.4285813607638173,-0.4554868845773895,-0.5939300903944097,,0.32670707355615625,23.4,71.77,"1,775.33",1.42,1.23,1.87,166860,-0.6832273360371095,117360,8656106,49501,5539193,108.01,Itally,Ugacof (U) Ltd
180,January,2007,-0.3678780899592112,-0.4455394204440431,-0.5620026348646101,,-0.302104387121986,24.1,66.77,"1,792.28",1.58,1.5,1.58,225353,-0.42017351410594356,178706,16064962,46646,5316745,105.81,Itally,Kyagalanyi Coffee Ltd
181,February,2007,-0.38811251356074655,-0.4057495639106574,-0.5141114515699107,,-0.17746377426055168,24.5,64.84,"1,751.68",1.58,1.5,1.58,225353,-0.42017351410594356,178706,16064962,46646,5316775,104.18,Itally,Kyagalanyi Coffee Ltd
182,March,2007,-0.38811251356074655,-0.4256444921773503,-0.4981477238050108,,-0.5012897778697287,24.9,65.42,"1,750.68",1.58,1.5,1.58,225353,-0.42017351410594356,178706,16064962,46646,5316775,100.09,Itally,Kyagalanyi Coffee Ltd
183,April,2007,-0.5095190551699589,-0.4853292769774287,-0.5556171437586501,,0.3126308341301211,24.3,67.43,"1,728.89",1.58,1.5,1.58,225353,-0.42017351410594356,178706,16064962,46646,5316775,99.3,Itally,Kyagalanyi Coffee Ltd
184,May,2007,-0.4690502079668881,-0.4853292769774287,-0.5620026348646101,,-0.08665006531561736,23.7,70.55,"1,695.15",1.58,1.5,1.58,225353,-0.42017351410594356,178706,16064962,46646,5316775,100.09,Itally,Kyagalanyi Coffee Ltd
185,June,2007,-0.38811251356074655,-0.4455394204440431,-0.5141114515699107,,-0.0860975803295295,22.9,63.89,"1,643.57",1.58,1.5,1.58,225353,-0.42017351410594356,178706,16064962,46646,5316775,107.03,Itally,Kyagalanyi Coffee Ltd
186,July,2007,-0.22623712474846341,-0.2863799943105005,-0.48218399604011103,,-0.45188683991861833,22.1,53.66,"1,652.87",1.58,1.5,1.58,225353,-0.42017351410594356,178706,16064962,46646,5316775,106.2,Itally,Kyagalanyi Coffee Ltd
187,August,2007,-0.307174819154605,-0.4057495639106574,-0.48218399604011103,,-0.23139708909758291,23.0,52.55,"1,737.43",1.58,1.5,1.58,225353,-0.42017351410594356,178706,16064962,46646,5316775,107.98,Itally,Kyagalanyi Coffee Ltd
188,September,2007,-0.307174819154605,-0.4057495639106574,-0.4183290849805118,,0.10931905429847966,23.5,59.26,"1,762.83",1.58,1.5,1.58,225353,-0.42017351410594356,178706,16064962,46646,5316775,113.2,Itally,Kyagalanyi Coffee Ltd
189,October,2007,-0.22623712474846341,-0.3659597073772718,-0.48218399604011103,,0.41816489914340743,23.4,71.72,"1,747.17",1.58,1.5,1.58,225353,-0.42017351410594356,178706,16064962,46646,5316775,115.71,Itally,Kyagalanyi Coffee Ltd
190,November,2007,-0.18576827754539263,-0.3659597073772718,-0.4183290849805118,,0.7302542351139782,23.7,67.79,"1,707.73",1.58,1.5,1.58,225353,-0.42017351410594356,178706,16064962,46646,5316775,114.43,Itally,Kyagalanyi Coffee Ltd
191,December,2007,-0.22623712474846341,-0.24659013777711483,-0.4183290849805118,,-0.7135169135951658,24.0,72.1,"1,711.61",1.58,1.5,1.58,225353,-0.42017351410594356,178706,16064962,46646,5316775,118.16,Itally,Kyagalanyi Coffee Ltd
192,January,2008,-0.18576827754539263,-0.2664850660438077,-0.47420213215766116,,-0.2047497949515133,23.9,68.94,"1,710.59",2.02,1.94,2.43,267550,-0.018092637468459204,226125,26338367,41425,6028149,122.33,Itally,Ugacof (U) Ltd
193,February,2008,0.04085726679180374,-0.047640855110186564,-0.322546718391113,,-0.46094004755406487,24.5,66.23,"1,707.83",2.02,1.94,2.43,267550,-0.018092637468459204,226125,26338367,41425,6028149,138.82,Itally,Ugacof (U) Ltd
194,March,2008,-0.16553385394385725,-0.06753578337687939,-0.3065829906262132,,1.6751949097829149,25.1,68.04,"1,684.26",2.02,1.94,2.43,267550,-0.018092637468459204,226125,26338367,41425,6028149,136.17,Itally,Ugacof (U) Ltd
195,April,2008,-0.08459615953771568,-0.12722056817695787,-0.35447417392091257,,1.4611783964647311,24.6,69.47,"1,686.68",2.02,1.94,2.43,267550,-0.018092637468459204,226125,26338367,41425,6028149,126.55,Itally,Ugacof (U) Ltd
196,May,2008,-0.16553385394385725,-0.1928738314570442,-0.3864016294507122,,-0.18291181523312117,23.8,60.23,"1,647.68",2.02,1.94,2.43,267550,-0.018092637468459204,226125,26338367,41425,6028149,126.76,Itally,Ugacof (U) Ltd
197,June,2008,-0.08459615953771568,-0.11727310404361145,-0.35447417392091257,,-1.030840438422959,22.8,56.25,"1,600.74",2.02,1.94,2.43,267550,-0.018092637468459204,226125,26338367,41425,6028149,130.51,Itally,Ugacof (U) Ltd
198,July,2008,-0.14529943034232184,-0.1232415825236193,-0.4183290849805118,,-0.5190359998801795,22.9,54.52,"1,633.94",2.02,1.94,2.43,267550,-0.018092637468459204,226125,26338367,41425,6028149,132.78,Itally,Ugacof (U) Ltd
199,August,2008,-0.10483058313925107,-0.10732563991026504,-0.3864016294507122,,-0.7593730326880274,22.1,52.35,"1,623.62",2.02,1.94,2.43,267550,-0.018092637468459204,226125,26338367,41425,6028149,131.14,Itally,Ugacof (U) Ltd
200,September,2008,-0.16553385394385725,-0.13716803231030428,-0.4183290849805118,,0.1177612943907746,23.0,58.19,"1,645.01",2.02,1.94,2.43,267550,-0.018092637468459204,226125,26338367,41425,6028149,126.69,Itally,Ugacof (U) Ltd
201,October,2008,-0.40834693716228193,-0.3261698508438861,-0.45025654051031144,,0.08008047081522224,23.1,65.61,"1,838.66",2.02,1.94,2.43,267550,-0.018092637468459204,226125,26338367,41425,6028149,108.31,Itally,Ugacof (U) Ltd
202,November,2008,-0.3678780899592112,-0.3261698508438861,-0.45025654051031144,,-0.2960890383954093,23.7,68.3,"1,910.13",2.02,1.94,2.43,267550,-0.018092637468459204,226125,26338367,41425,6028149,107.88,Itally,Ugacof (U) Ltd
203,December,2008,-0.38811251356074655,-0.2863799943105005,-0.45025654051031144,,-0.7085719034648075,23.5,65.75,"1,956.19",2.02,1.94,2.43,267550,-0.018092637468459204,226125,26338367,41425,6028149,103.07,Itally,Ugacof (U) Ltd
204,January,2009,-0.24242466362969173,-0.24659013777711483,-0.4997440965815008,,-0.24732078441612185,25.3,67.48,"1,975.97",1.59,1.47,2.03,254474,-0.3129763377139664,200428,17737415,54046,6576063,108.39,Itally,Ugacof (U) Ltd
205,February,2009,-0.10483058313925107,-0.2863799943105005,-0.48218399604011103,,-0.2034346111797528,24.9,65.01,"1,964.83",1.59,1.47,2.03,254474,-0.3129763377139664,200428,17737415,54046,6576063,107.6,Itally,Ugacof (U) Ltd
206,March,2009,-0.38811251356074655,-0.2863799943105005,-0.5460389070997103,,-0.6768467332868474,24.2,66.67,"2,051.55",1.59,1.47,2.03,254474,-0.3129763377139664,200428,17737415,54046,6576063,105.87,Itally,Ugacof (U) Ltd
207,April,2009,-0.34764366635767574,-0.3261698508438861,-0.4183290849805118,,0.36565322250228544,23.4,69.47,"2,175.61",1.59,1.47,2.03,254474,-0.3129763377139664,200428,17737415,54046,6576063,111.61,Itally,Ugacof (U) Ltd
208,May,2009,-0.307174819154605,-0.3261698508438861,-0.45025654051031144,,0.445139641708061,23.5,65.84,"2,247.68",1.59,1.47,2.03,254474,-0.3129763377139664,200428,17737415,54046,6576063,123.05,Itally,Ugacof (U) Ltd
209,June,2009,-0.4285813607638173,-0.4654343487107359,-0.48218399604011103,,-1.1968935740598807,22.9,53.45,"2,137.18",1.59,1.47,2.03,254474,-0.3129763377139664,200428,17737415,54046,6576063,119.05,Itally,Ugacof (U) Ltd
210,July,2009,-0.4285813607638173,-0.4654343487107359,-0.48218399604011103,,-1.3219676855067404,22.6,49.76,"2,110.77",1.59,1.47,2.03,254474,-0.3129763377139664,200428,17737415,54046,6576063,112.9,Itally,Ugacof (U) Ltd
211,August,2009,-0.4690502079668881,-0.3659597073772718,-0.48218399604011103,,-1.0694379828181106,23.0,53.49,"2,071.67",1.59,1.47,2.03,254474,-0.3129763377139664,200428,17737415,54046,6576063,117.45,Itally,Ugacof (U) Ltd
212,September,2009,-0.5499879023730296,-0.3659597073772718,-0.35447417392091257,,-0.23236056901234597,22.6,60.33,"1,961.90",1.59,1.47,2.03,254474,-0.3129763377139664,200428,17737415,54046,6576063,116.4,Itally,Ugacof (U) Ltd
213,October,2009,-0.34764366635767574,-0.3560122432439254,-0.3864016294507122,,-0.0522693288886733,23.0,64.02,"1,898.28",1.59,1.47,2.03,254474,-0.3129763377139664,200428,17737415,54046,6576063,121.09,Itally,Ugacof (U) Ltd
214,November,2009,-0.38811251356074655,-0.4455394204440431,-0.22676435180171414,,1.1673210650350612,23.4,64.71,"1,873.78",1.59,1.47,2.03,254474,-0.3129763377139664,200428,17737415,54046,6576063,119.67,Itally,Ugacof (U) Ltd
215,December,2009,-0.5095190551699589,-0.5052242052441216,-0.24272807956661394,,-0.021257403352509023,23.5,66.48,"1,896.64",1.59,1.47,2.03,254474,-0.3129763377139664,200428,17737415,54046,6576063,124.96,Itally,Ugacof (U) Ltd
216,January,2010,-0.2667059719515342,-0.3659597073772718,-0.09905452968251569,,-1.216210066202742,23.4,62.96,"1,935.63",1.67,1.39,2.42,265455,-0.27309752465346976,200454,17252584,65001,8098778,126.85,Itally,Kyagalanyi Coffee Ltd
217,February,2010,-0.2667059719515342,-0.3659597073772718,-0.1629094407421149,,0.745114733715387,25.7,71.02,"1,996.54",1.67,1.39,2.42,268510,-0.38907535713216174,193502,13623724,75008,8602578,123.37,Itally,Kyagalanyi Coffee Ltd
218,March,2010,-0.307174819154605,-0.4057495639106574,-0.1629094407421149,,0.8960212913300548,25.2,65.99,"2,086.37",1.67,1.39,2.42,228262,-0.38907535713216174,152103,13623724,76159,8602578,125.3,Itally,Kyagalanyi Coffee Ltd
219,April,2010,-0.4285813607638173,-0.4057495639106574,-0.21080062403681432,,1.4454878228598342,24.8,68.36,"2,083.00",1.67,1.39,2.42,167019,-0.38907535713216174,92018,13623724,75001,8602578,126.89,Itally,Kyagalanyi Coffee Ltd
220,May,2010,-0.22623712474846341,-0.2664850660438077,-0.1309819852123153,,0.16443819056906575,23.0,63.9,"2,174.57",1.67,1.39,2.42,211036,-0.38907535713216174,121513,13623724,89523,8602578,128.1,Itally,Kyagalanyi Coffee Ltd
221,June,2010,-0.06436173593618029,-0.12722056817695787,-0.11501825744741549,,-0.47534400490355494,22.7,54.26,"2,257.44",1.67,1.39,2.42,254590,-0.38907535713216174,179494,13623724,75096,8602578,142.2,Itally,Kyagalanyi Coffee Ltd
222,July,2010,0.01657595846996127,-0.08743071164357222,0.3160023922048793,,-0.838064008266272,22.0,50.09,"2,257.29",1.67,1.39,2.42,286232,-0.38907535713216174,204100,13623724,82132,8602578,153.41,Itally,Kyagalanyi Coffee Ltd
223,August,2010,0.01657595846996127,-0.047640855110186564,0.15636511455588123,,-0.8897966810770102,22.6,57.31,"2,230.94",1.67,1.39,2.42,236167,-0.38907535713216174,180121,13623724,56046,8602578,157.46,Itally,Kyagalanyi Coffee Ltd
224,September,2010,-0.14529943034232184,-0.12722056817695787,0.15636511455588123,,-0.6928817341172177,23.4,62.85,"2,251.30",1.67,1.39,2.42,202729,-0.38907535713216174,155200,13623724,47529,8602578,163.61,Itally,Kyagalanyi Coffee Ltd
225,October,2010,-0.02389288873310951,-0.08743071164357222,0.15636511455588123,,-0.4262437209228723,23.1,56.95,"2,264.82",1.67,1.39,2.42,226411,-0.38907535713216174,165911,11733063,60500,6911276,161.56,Itally,Kyagalanyi Coffee Ltd
226,November,2010,0.01657595846996127,-0.047640855110186564,0.28407493667507966,,0.02589786397227306,23.6,69.82,"2,288.87",1.67,1.39,2.42,256705,-0.38907535713216174,206504,15144982,50201,6952505,173.9,Itally,Kyagalanyi Coffee Ltd
227,December,2010,0.29985788889145676,0.25078306889020585,0.5554583086783764,,-0.03834805476361382,22.7,69.35,"2,303.93",1.67,1.39,2.42,290760,-0.38907535713216174,225637,16572527,65123,9192182,184.26,Itally,Kyagalanyi Coffee Ltd
228,January,2011,0.38079558329759833,0.2905729254235915,0.6991318585624746,,-1.3536721038096133,25.3,64.89,"2,332.47",2.38,1.68,3.86,217414,0.16630114035255272,165114,24550504,52300,12857052,197.35,EU,Ugacof (U) Ltd
229,February,2011,0.25938904168838595,0.230888140623513,0.8747328639763725,,-1.3233356922332684,25.2,66.48,"2,341.93",2.38,1.68,3.86,213113,0.16630114035255272,160006,24550504,53107,12857052,216.03,EU,Ugacof (U) Ltd
230,March,2011,0.01657595846996127,0.11151857102335605,1.91237516869486,,1.0790784325619704,24.6,71.42,"2,393.31",2.38,1.68,3.86,207177,0.16630114035255272,155001,24550504,52176,12857052,224.33,EU,Ugacof (U) Ltd
231,April,2011,0.3403267360945275,0.2905729254235915,1.5452094301021644,,0.15311629092733223,23.8,69.01,"2,367.59",2.38,1.68,3.86,210091,0.16630114035255272,165002,24550504,45089,12857052,231.24,EU,Ugacof (U) Ltd
232,May,2011,0.4212644305006691,0.4696272798238269,1.752737891045862,,-0.026939913563076533,22.5,60.09,"2,387.68",2.38,1.68,3.86,249594,0.16630114035255272,200444,24550504,49150,12857052,227.97,EU,Ugacof (U) Ltd
233,June,2011,0.3403267360945275,0.6088917776906767,1.4334633357478657,,-0.9086872207708412,22.2,55.92,"2,461.04",2.38,1.68,3.86,367100,0.16630114035255272,321793,24550504,53087,12857052,215.58,EU,Ugacof (U) Ltd
234,July,2011,0.623608666516023,0.4497323515571341,1.4334633357478657,,-1.0269516178830782,22.0,45.07,"2,587.23",2.38,1.68,3.86,407225,0.16630114035255272,360901,24550504,54104,12857052,210.36,EU,Ugacof (U) Ltd
235,August,2011,0.623608666516023,0.4895222080905198,1.2738260580988676,,0.5304743166202309,22.5,48.07,"2,753.23",2.38,1.68,3.86,332132,0.16630114035255272,286903,24550504,52009,12857052,212.19,EU,Ugacof (U) Ltd
236,September,2011,0.623608666516023,0.4895222080905198,1.2738260580988676,,1.1481808290780056,22.2,63.33,"2,814.02",2.38,1.68,3.86,287772,0.16630114035255272,243899,24550504,50000,12857052,213.04,EU,Ugacof (U) Ltd
237,October,2011,0.623608666516023,0.4497323515571341,1.5931006133968637,,1.721556485261829,23.8,62.79,"2,805.37",2.38,1.68,3.86,188941,0.16630114035255272,120412,24550504,68529,12857052,193.9,EU,Ugacof (U) Ltd
238,November,2011,0.5022021249068106,0.3701526384903628,1.1141887804498696,,2.3957485236874905,23.4,76.13,"2,582.18",2.38,1.68,3.86,281800,0.16630114035255272,212477,24550504,69323,12857052,193.66,EU,Ugacof (U) Ltd
239,December,2011,0.5022021249068106,0.35025771022366997,0.9545515028008715,,-0.28058307562732715,23.2,69.0,"2,446.91",2.38,1.68,3.86,275739,0.16630114035255272,230428,24550504,45311,12857052,189.02,EU,Ugacof (U) Ltd
240,January,2012,0.3403267360945275,0.35025771022366997,0.9545515028008715,,-1.4655947817961752,23.8,70.49,"2,414.19",2.4,1.96,3.42,228522,-0.004921653338386942,160012,18664669,68510,14060175,188.9,Italy,Ugacof (U) Ltd
241,February,2012,0.3403267360945275,0.35025771022366997,0.7949142251518735,,-0.5839485389151341,24.5,66.21,"2,327.97",2.4,1.96,3.42,255027,-0.004921653338386942,165009,18664669,90018,14060175,182.29,Italy,Ugacof (U) Ltd
242,March,2012,0.01657595846996127,0.0717287144899704,0.3958210310293783,,-0.16946486968148375,25.1,64.02,"2,485.02",2.4,1.96,3.42,191763,-0.004921653338386942,106105,18664669,85658,14060175,167.77,Italy,Ugacof (U) Ltd
243,April,2012,0.09751365287610284,0.03193885795658474,0.3958210310293783,,0.1269918362315118,24.1,70.88,"2,506.21",2.4,1.96,3.42,147022,-0.004921653338386942,75013,18664669,72009,14060175,160.46,Italy,Ugacof (U) Ltd
244,May,2012,0.01657595846996127,0.35025771022366997,0.4117847587942781,,-0.00801258645431841,23.8,60.58,"2,479.05",2.4,1.96,3.42,285360,-0.004921653338386942,190215,18664669,95145,14060175,157.68,Italy,Ugacof (U) Ltd
245,June,2012,0.01657595846996127,0.35025771022366997,0.4117847587942781,,-0.15286471713607613,22.2,50.34,"2,484.36",2.4,1.96,3.42,382294,-0.004921653338386942,252148,18664669,80146,14060175,145.31,Italy,Ugacof (U) Ltd
246,July,2012,0.2189201944853152,0.4298374232904413,0.15636511455588123,,-0.7171639882655242,21.8,51.53,"2,474.18",2.4,1.96,3.42,399289,-0.004921653338386942,320125,18664669,79164,14060175,159.07,Italy,Ugacof (U) Ltd
247,August,2012,0.4212644305006691,0.35025771022366997,0.22022002561548046,,-0.07453716887672887,22.2,49.82,"2,492.04",2.4,1.96,3.42,340228,-0.004921653338386942,270125,18664669,70103,14060175,148.5,Italy,Ugacof (U) Ltd
248,September,2012,0.4212644305006691,0.4497323515571341,0.12443765902608162,,-0.33816413889689506,22.9,52.68,"2,515.88",2.4,1.96,3.42,265294,-0.004921653338386942,200136,18664669,65158,14060175,151.28,Italy,Ugacof (U) Ltd
249,October,2012,0.5426709721098815,0.4298374232904413,0.12443765902608162,,0.45710296294339886,23.3,62.5,"2,579.43",2.4,1.96,3.42,205390,-0.004921653338386942,155167,18664669,50123,14060175,147.12,Italy,Ugacof (U) Ltd
250,November,2012,0.623608666516023,0.4497323515571341,0.12443765902608162,,1.8838738791257463,23.4,70.22,"2,622.95",2.4,1.96,3.42,225024,-0.004921653338386942,160012,18664669,65012,14060175,136.35,Italy,Ugacof (U) Ltd
251,December,2012,0.5022021249068106,0.40994249502374847,0.23618375338038025,,1.39174181390833,23.9,67.36,"2,673.48",2.4,1.96,3.42,239250,-0.004921653338386942,170235,18664669,69015,14060175,131.31,Italy,Ugacof (U) Ltd
252,January,2013,0.25938904168838595,0.3900475667570556,0.15636511455588123,,-0.8794150839311113,25.0,46.44,"2,683.79",2.01,1.9,2.39,298552,0.11690994986478187,231790,26477405,66763,9580433,135.38,Italy,Ugacof (U) Ltd
253,February,2013,0.4212644305006691,0.4696272798238269,0.092510203496282,,-0.44860278830985023,24.2,48.2,"2,657.55",2.01,1.9,2.39,298552,0.11690994986478187,231690,26477405,66763,9580433,131.51,Italy,Ugacof (U) Ltd
254,March,2013,0.623608666516023,0.5293120646239055,0.0765464757313822,,1.6132519101719647,24.5,53.37,"2,636.89",2.01,1.9,2.39,298552,0.11690994986478187,231690,26477405,66763,9580433,131.38,Italy,Ugacof (U) Ltd
255,April,2013,0.6074211276347947,0.5094171363572125,0.092510203496282,,0.5144899827056579,23.3,58.84,"2,578.01",2.01,1.9,2.39,298552,0.11690994986478187,231690,26477405,66763,9580433,129.55,Italy,Ugacof (U) Ltd
256,May,2013,0.623608666516023,0.40994249502374847,0.12443765902608162,,0.07961961748536356,22.8,48.83,"2,586.11",2.01,1.9,2.39,298552,0.11690994986478187,231690,26477405,66763,9580433,126.96,Italy,Ugacof (U) Ltd
257,June,2013,0.3403267360945275,0.35025771022366997,0.12443765902608162,,-1.0993247255167542,22.2,42.09,"2,593.08",2.01,1.9,2.39,298552,0.11690994986478187,231690,26477405,66763,9580433,117.58,Italy,Ugacof (U) Ltd
258,July,2013,0.3403267360945275,0.2905729254235915,0.0765464757313822,,-1.3816977806197548,22.3,32.39,"2,588.90",2.01,1.9,2.39,298552,0.11690994986478187,231690,26477405,66763,9580433,118.93,Italy,Ugacof (U) Ltd
259,August,2013,0.3403267360945275,0.27067799715689866,-0.00327216309311684,,-0.01290948996515599,23.0,40.3,"2,578.87",2.01,1.9,2.39,298552,0.11690994986478187,231690,26477405,66763,9580433,116.45,Italy,Ugacof (U) Ltd
260,September,2013,0.3403267360945275,0.27067799715689866,-0.00327216309311684,,0.5309877233999857,23.6,46.14,"2,568.86",2.01,1.9,2.39,298552,0.11690994986478187,231690,26477405,66763,9580433,111.82,Italy,Ugacof (U) Ltd
261,October,2013,-0.06436173593618029,0.012043929689891916,-0.25869180733151376,,-0.05193379532395158,23.1,50.89,"2,534.39",2.01,1.9,2.39,298552,0.11690994986478187,231690,26477405,66763,9580433,107.03,Italy,Ugacof (U) Ltd
262,November,2013,-0.06436173593618029,0.03193885795658474,-0.24272807956661394,,0.3604975943150358,23.2,55.88,"2,523.27",2.01,1.9,2.39,298552,0.11690994986478187,231690,26477405,66763,9580433,100.99,Italy,Ugacof (U) Ltd
263,December,2013,-0.18576827754539263,0.03193885795658474,-0.27465553509641355,,-0.3632348295460797,23.0,48.46,"2,512.94",2.01,1.9,2.39,298552,0.11690994986478187,231690,26477405,66763,9580433,106.56,Italy,Ugacof (U) Ltd
264,January,2014,-0.06436173593618029,0.0597917575299547,-0.22676435180171414,,-1.220977472622938,24.8,43.11,"2,499.90",1.88,1.74,2.36,310149,-0.0012630466355890344,228333,2380167,63333,9025000,110.75,EU,Ugacof (U) Ltd
265,February,2014,0.05704480567303205,0.21099321235682017,0.1404013867909814,,-1.2793410432862162,24.6,49.16,"2,471.96",1.88,1.74,2.36,290475,-0.0012630466355890344,228333,2380167,63333,9025000,137.81,EU,Ugacof (U) Ltd
266,March,2014,0.09751365287610284,0.3104678536902843,0.7150955863273745,,0.11546511288761895,25.0,52.76,"2,534.22",1.88,1.74,2.36,310773,-0.0012630466355890344,228333,2380167,63333,9025000,165.03,EU,Ugacof (U) Ltd
267,April,2014,0.1784513472822444,0.35025771022366997,0.7789504973869736,,1.5939674891087838,24.3,63.19,"2,529.79",1.88,1.74,2.36,264065,-0.0012630466355890344,228333,2380167,63333,9025000,170.58,EU,Ugacof (U) Ltd
268,May,2014,-0.10483058313925107,0.230888140623513,0.7310593140922743,,0.5778128472574714,23.6,58.37,"2,532.39",1.88,1.74,2.36,262604,-0.0012630466355890344,228333,2380167,63333,9025000,163.94,EU,Ugacof (U) Ltd
269,June,2014,0.09751365287610284,0.3104678536902843,0.6512406752677752,,-0.2833603233256861,23.0,42.86,"2,580.86",1.88,1.74,2.36,333943,-0.0012630466355890344,228333,2380167,63333,9025000,151.92,EU,Ugacof (U) Ltd
270,July,2014,0.5426709721098815,0.4497323515571341,0.6831681307975749,,-1.1976514217578704,22.5,34.1,"2,633.52",1.88,1.74,2.36,314304,-0.0012630466355890344,228333,2380167,63333,9025000,152.5,EU,Ugacof (U) Ltd
271,August,2014,0.5022021249068106,0.4298374232904413,0.6352769475028754,,-0.24279445010326992,23.4,31.59,"2,612.50",1.88,1.74,2.36,268033,-0.0012630466355890344,228333,2380167,63333,9025000,163.08,EU,Ugacof (U) Ltd
272,September,2014,0.7045463609221646,0.5293120646239055,0.6831681307975749,,0.9238207188007711,23.5,39.42,"2,618.80",1.88,1.74,2.36,207923,-0.0012630466355890344,228333,2380167,63333,9025000,161.79,EU,Ugacof (U) Ltd
273,October,2014,0.7045463609221646,0.5691019211572911,1.08226132492007,,1.3155015808769102,23.6,56.98,"2,680.51",1.88,1.74,2.36,229442,-0.0012630466355890344,228333,2380167,63333,9025000,172.88,EU,Ugacof (U) Ltd
274,November,2014,0.5426709721098815,0.4497323515571341,0.8747328639763725,,1.1607074154942822,23.9,58.93,"2,734.22",1.88,1.74,2.36,219948,-0.0012630466355890344,228333,2380167,63333,9025000,162.17,EU,Ugacof (U) Ltd
275,December,2014,0.5022021249068106,0.4298374232904413,0.7150955863273745,,-0.6062344357295644,24.7,54.51,"2,768.79",1.88,1.74,2.36,224803,-0.0012630466355890344,228333,2380167,63333,9025000,150.66,EU,Ugacof (U) Ltd
276,January,2015,0.5022021249068106,0.40994249502374847,0.6512406752677752,,-1.692542233164234,24.3,54.09,"2,860.71",1.6,1.48,1.99,334727,0.04922572586302148,210833,2324250,59167,10323333,148.24,EU,Ugacof (U) Ltd
277,February,2015,0.5022021249068106,0.35025771022366997,0.5554583086783764,,-1.1313545709516766,25.0,46.38,"2,868.85",1.54,1.43,1.87,271941,0.04922572586302148,210833,2324250,59167,10323333,141.1,EU,Ugacof (U) Ltd
278,March,2015,0.3403267360945275,0.3104678536902843,0.5554583086783764,,0.3134999873399425,24.7,52.43,"2,951.74",1.55,1.37,1.91,247798,0.04922572586302148,210833,2324250,59167,10323333,127.04,EU,Ugacof (U) Ltd
279,April,2015,0.5022021249068106,0.40994249502374847,0.7150955863273745,,1.2319456381150722,24.7,66.65,"2,995.58",1.59,1.44,1.89,326793,0.04922572586302148,210833,2324250,59167,10323333,129.02,EU,Ugacof (U) Ltd
280,May,2015,0.5831398193129522,0.47758525113050404,0.507567125383677,,-0.11672950399721381,23.5,49.73,"3,007.60",1.61,1.49,1.93,285945,0.04922572586302148,210833,2324250,59167,10323333,123.49,EU,Ugacof (U) Ltd
281,June,2015,0.623608666516023,0.5492069928905983,0.5554583086783764,,-0.1157929745695769,22.6,38.99,"3,199.90",1.66,1.54,2.05,265650,0.04922572586302148,210833,2324250,59167,10323333,124.97,EU,Ugacof (U) Ltd
282,July,2015,0.5831398193129522,0.4895222080905198,0.587385764208176,,-1.1382373211064114,22.5,31.77,"3,360.09",1.78,1.67,2.47,402721,0.04922572586302148,210833,2324250,59167,10323333,119.77,EU,Ugacof (U) Ltd
283,August,2015,0.5831398193129522,0.5492069928905983,0.7150955863273745,,-0.759128322264921,22.9,29.48,"3,548.25",1.69,1.63,2.23,320247,0.04922572586302148,210833,2324250,59167,10323333,121.21,EU,Ugacof (U) Ltd
284,September,2015,0.5426709721098815,0.4497323515571341,0.5554583086783764,,-0.7317355776449395,23.1,36.17,"3,667.50",1.71,1.62,2.07,286322,0.04922572586302148,210833,2324250,59167,10323333,113.14,EU,Ugacof (U) Ltd
285,October,2015,0.7045463609221646,0.5492069928905983,0.507567125383677,0.025902465078759453,1.3434559736486025,23.7,45.11,"3,636.02",1.71,1.61,1.86,223858,0.04922572586302148,148938,14366648,74920,8566678,118.43,EU,Ugacof (U) Ltd
286,November,2015,0.7045463609221646,0.5094171363572125,0.3958210310293783,-0.21837542844729366,2.715458109893005,23.7,57.07,"3,429.00",1.68,1.57,1.86,248921,0.04922572586302148,157358,14810825,91563,10191405,115.03,EU,Ugacof (U) Ltd
287,December,2015,0.5426709721098815,0.4895222080905198,0.37985730326447853,-0.25965086422906036,0.6038308475291431,24.2,51.65,"3,362.49",1.62,1.52,1.97,342429,0.04922572586302148,263214,24234767,79215,8349986,114.63,EU,Ugacof (U) Ltd
288,January,2016,0.7207338998033929,0.7004084477174637,0.6352769475028754,,-0.5203189778198242,24.9,41.2,"3,451.21",2.02,1.86,2.5,404673,-0.1307777239146331,225000,2077083,71667,8524167,110.89,EU,Kyagalanyi Coffee Ltd
289,February,2016,0.7207338998033929,0.7004084477174637,0.6352769475028754,,-0.8483652929605346,24.5,52.71,"3,435.11",2.03,1.91,2.4,396523,-0.1307777239146331,225000,2077083,71667,8524167,111.75,EU,Kyagalanyi Coffee Ltd
290,March,2016,0.7207338998033929,0.7004084477174637,0.6352769475028754,,-0.43583270424238835,24.7,56.01,"3,365.50",2.05,1.93,2.48,409916,-0.1307777239146331,225000,2077083,71667,8524167,117.83,EU,Kyagalanyi Coffee Ltd
291,April,2016,0.7207338998033929,0.7004084477174637,0.6352769475028754,,2.3637165222135974,24.6,60.96,"3,343.57",2.01,1.92,2.28,325566,-0.1307777239146331,225000,2077083,71667,8524167,117.93,EU,Kyagalanyi Coffee Ltd
292,May,2016,0.7207338998033929,0.7004084477174637,0.6352769475028754,,0.1392839534097896,23.9,55.09,"3,348.92",1.93,1.84,2.27,408565,-0.1307777239146331,225000,2077083,71667,8524167,119.91,EU,Kyagalanyi Coffee Ltd
293,June,2016,0.7207338998033929,0.7004084477174637,0.6352769475028754,,-1.255196101869818,22.8,38.94,"3,367.99",1.92,2.29,1.84,430565,-0.1307777239146331,225000,2077083,71667,8524167,127.05,EU,Kyagalanyi Coffee Ltd
294,July,2016,0.6640775137190937,0.688471490757448,0.36389357549957874,,-0.8382963214653002,22.5,32.36,"3,379.29",1.68,1.59,2.07,268150,-0.1307777239146331,225000,2077083,71667,8524167,132.98,EU,Kyagalanyi Coffee Ltd
295,August,2016,0.5831398193129522,0.5691019211572911,0.49160339761877714,,-0.6195536359722232,22.2,36.05,"3,373.54",1.72,1.68,1.98,291059,-0.1307777239146331,225000,2077083,71667,8524167,131.0,EU,Kyagalanyi Coffee Ltd
296,September,2016,0.5831398193129522,0.5691019211572911,0.49160339761877714,,-0.20211673235927957,22.8,42.07,"3,381.41",1.82,1.7,2.09,208956,-0.1307777239146331,225000,2077083,71667,8524167,138.22,EU,Kyagalanyi Coffee Ltd
297,October,2016,0.6640775137190937,0.6685765624907551,0.5714220364432762,,-1.0867521885199278,22.5,50.19,"3,435.85",1.93,1.75,2.21,209144,-0.1307777239146331,225000,2077083,71667,8524167,142.68,EU,Kyagalanyi Coffee Ltd
298,November,2016,0.623608666516023,0.6088917776906767,0.587385764208176,,0.9652449650381584,22.7,56.25,"3,560.62",2.06,1.89,2.42,407693,-0.1307777239146331,225000,2077083,71667,8524167,145.82,EU,Kyagalanyi Coffee Ltd
299,December,2016,0.9068905969375185,0.688471490757448,0.8108779529167733,,-1.035497347845938,22.3,52.04,"3,598.17",2.02,1.83,2.5,425241,-0.1307777239146331,225000,2077083,71667,8524167,131.7,EU,Kyagalanyi Coffee Ltd
300,January,2017,0.9068905969375185,0.8476309168909906,0.8108779529167733,,-1.5421435979051907,23.6,51.6,"3,609.48",1.95,1.83,2.35,404673,0.2910596289179598,304787,33973480,99886,15008470,139.07,Italy,Ugacof (U) Ltd
301,February,2017,0.9473594441405893,0.807841060357605,0.8108779529167733,,0.19113803816503172,24.6,48.23,"3,585.35",1.95,1.83,2.35,396523,0.2910596289179598,301116,34545200,95407,13761010,137.68,Italy,Ugacof (U) Ltd
302,March,2017,0.8259529025313769,0.7680512038242193,0.6831681307975749,,0.2833895555981506,24.1,55.75,"3,599.01",1.95,1.83,2.35,409916,0.2910596289179598,316314,36539693,93602,13903721,134.07,Italy,Ugacof (U) Ltd
303,April,2017,0.7450152081252354,0.7680512038242193,0.6831681307975749,,0.4422303366227833,23.3,64.28,"3,618.70",1.95,1.83,2.35,326232,0.2910596289179598,243167,28001340,83065,11361248,130.39,Italy,Ugacof (U) Ltd
304,May,2017,0.6640775137190937,0.7083664190241409,0.6831681307975749,,-0.3962518713244362,22.5,56.1,"3,623.61",1.95,1.83,2.35,408454,0.5343569746540171,324640,36132372,83814,11439266,125.4,Italy,Ugacof (U) Ltd
305,June,2017,0.5022021249068106,0.7481562755575265,0.667204403032675,,-1.3007905317326836,22.6,40.76,"3,591.10",1.95,1.83,2.35,348828,0.2910596289179598,265833,29109167,83333,8524167,122.39,Italy,Ugacof (U) Ltd
306,July,2017,0.7207338998033929,0.7004084477174637,0.6352769475028754,,-0.3413375587560098,21.7,36.66,"3,601.53",1.95,1.83,2.35,348828,0.2910596289179598,265833,29109167,83333,8524167,127.26,Italy,Ugacof (U) Ltd
307,August,2017,0.7207338998033929,0.7004084477174637,0.6352769475028754,,-0.7132061744786001,22.2,41.34,"3,606.03",1.95,1.83,2.35,348828,0.2910596289179598,265833,29109167,83333,8524167,128.24,Italy,Ugacof (U) Ltd
308,September,2017,0.7207338998033929,0.7004084477174637,0.6352769475028754,,0.21340453062873113,22.7,41.45,"3,599.87",1.95,1.83,2.35,348828,0.2910596289179598,265833,29109167,83333,8524167,124.46,Italy,Ugacof (U) Ltd
309,October,2017,0.7207338998033929,0.7004084477174637,0.6352769475028754,,-0.34421317573237953,23.2,52.17,"3,637.91",1.95,1.83,2.35,348828,0.2910596289179598,265833,29109167,83333,8524167,120.01,Italy,Ugacof (U) Ltd
310,November,2017,0.7207338998033929,0.7004084477174637,0.6352769475028754,,1.726442608577816,23.0,56.71,"3,638.85",1.95,1.83,2.35,348828,0.2910596289179598,265833,29109167,83333,8524167,117.26,Italy,Ugacof (U) Ltd
311,December,2017,0.7207338998033929,0.7004084477174637,0.6352769475028754,,-1.2811796055179683,22.3,56.84,"3,623.26",1.95,1.83,2.35,348828,0.2910596289179598,265833,29109167,83333,8524167,114.0,Italy,Ugacof (U) Ltd
312,January,2018,0.5022021249068106,0.6486816342240623,0.5394945809134766,,-1.2362482923908438,24.7,48.13,"3,640.05",1.84,1.75,2.13,392500,0.2976451209829959,281667,29583333,90000,11500000,115.6,Italy,Kyagalanyi Coffee Ltd
313,February,2018,0.5022021249068106,0.6486816342240623,0.5394945809134766,,-0.08262366253895713,24.2,48.69,"3,637.56",1.84,1.75,2.13,392500,0.2976451209829959,281667,29583333,90000,11500000,114.19,Italy,Kyagalanyi Coffee Ltd
314,March,2018,0.5022021249068106,0.6486816342240623,0.5394945809134766,,1.4589293783140462,24.3,49.57,"3,660.12",1.84,1.75,2.13,392500,0.2976451209829959,281667,29583333,90000,11500000,112.99,Italy,Kyagalanyi Coffee Ltd
315,April,2018,0.5022021249068106,0.6486816342240623,0.5394945809134766,,1.36049811418288,23.8,56.77,"3,697.24",1.84,1.75,2.13,392500,0.2976451209829959,281667,29583333,90000,11500000,112.56,Italy,Kyagalanyi Coffee Ltd
316,May,2018,0.5022021249068106,0.6486816342240623,0.5394945809134766,0.2595370072397029,-0.4165671485201958,22.9,61.77,"3,726.84",1.84,1.75,2.13,392500,0.2976451209829959,281667,29583333,90000,11500000,113.34,Italy,Kyagalanyi Coffee Ltd
317,June,2018,0.5022021249068106,0.6486816342240623,0.5394945809134766,,-0.7342939873878336,21.9,45.09,"3,840.48",1.84,1.75,2.13,392500,0.2976451209829959,281667,29583333,90000,11500000,110.44,Italy,Kyagalanyi Coffee Ltd
318,July,2018,0.5022021249068106,0.6486816342240623,0.5394945809134766,,-1.2301468368578985,21.9,35.9,"3,760.44",1.84,1.75,2.13,392500,0.2976451209829959,281667,29583333,90000,11500000,107.2,Italy,Kyagalanyi Coffee Ltd
319,August,2018,0.5022021249068106,0.6486816342240623,0.5394945809134766,,-0.22650961825723945,22.1,35.36,"3,729.53",1.84,1.75,2.13,392500,0.2976451209829959,281667,29583333,90000,11500000,102.41,Italy,Kyagalanyi Coffee Ltd
320,September,2018,0.5022021249068106,0.6486816342240623,0.5394945809134766,,-1.0320541536106893,22.6,43.18,"3,800.68",1.84,1.75,2.13,392500,0.2976451209829959,281667,29583333,90000,11500000,98.17,Italy,Kyagalanyi Coffee Ltd
321,October,2018,0.5022021249068106,0.6486816342240623,0.5394945809134766,,0.08028529451738158,23.1,60.08,"3,777.98",1.84,1.75,2.13,392500,0.2976451209829959,281667,29583333,90000,11500000,111.21,Italy,Kyagalanyi Coffee Ltd
322,November,2018,0.5022021249068106,0.6486816342240623,0.5394945809134766,,0.5203180255467074,23.6,56.5,"3,739.77",1.84,1.75,2.13,392500,0.2976451209829959,281667,29583333,90000,11500000,109.59,Italy,Kyagalanyi Coffee Ltd
323,December,2018,0.5022021249068106,0.6486816342240623,0.5394945809134766,,0.5604257404879778,22.8,59.25,"3,714.13",1.84,1.75,2.13,392500,0.2976451209829959,281667,29583333,90000,11500000,100.61,Italy,Kyagalanyi Coffee Ltd
324,January,2019,0.48034894741715245,0.43819329316245226,0.38624279437043846,-0.06313825487813345,-0.7371306609103059,23.7,64.91,"3,702.43",1.66,1.57,1.97,469663,0.06276257066337346,376874,34286315,92789,13687806,101.56,Italy,Kyagalanyi Coffee Ltd
325,February,2019,0.4673989163121698,0.42466474194110115,0.3731525376032206,-0.07378160624324309,-0.0886659617526602,24.3,54.69,"3,672.89",1.66,1.57,1.97,473328,0.06276257066337346,388980,34659016,84348,12098287,100.67,Italy,Kyagalanyi Coffee Ltd
326,March,2019,0.4819677013052753,0.4397848874237877,0.3878391671469284,-0.06158069126372715,-0.7372547679035222,24.3,56.39,"3,706.19",1.66,1.57,1.97,480961,0.06276257066337346,389378,33359865,91583,12780599,97.5,Italy,Kyagalanyi Coffee Ltd
327,April,2019,0.49653648629838076,0.4537113372104727,0.40188724758004024,-0.05015855809141436,0.7637078747837801,22.8,63.11,"3,736.98",1.66,1.57,1.97,360293,0.06276257066337346,262996,22577360,97297,14366692,94.42,Italy,Kyagalanyi Coffee Ltd
328,May,2019,0.5094865174033634,0.46684198986648995,0.4149775043472581,-0.039774800662039096,1.4142872439137861,22.9,53.41,"3,765.63",1.66,1.57,1.97,437597,0.06276257066337346,340830,29540835,96767,12938575,93.33,Italy,Kyagalanyi Coffee Ltd
329,June,2019,0.49248960157807364,0.45013025012246793,0.3983752274717623,-0.05327368532022694,0.004916909744495453,22.9,43.65,"3,728.99",1.66,1.57,1.97,420563,0.06276257066337346,345008,29119423,75555,10820246,99.97,Italy,Kyagalanyi Coffee Ltd
330,July,2019,0.47792081658496816,0.43540800320511525,0.3836885979280545,-0.0652150063640085,-0.4820270519486844,22.5,36.93,"3,696.49",1.66,1.57,1.97,463709,0.06276257066337346,386584,35338116,77125,8627139,103.01,Italy,Kyagalanyi Coffee Ltd
331,August,2019,0.47630206269684533,0.4342143075091137,0.3824114997068625,-0.06625338210694602,-0.07414773433775461,22.4,34.25,"3,693.73",1.66,1.57,1.97,488864,0.06276257066337346,414940,38089869,73924,8224189,96.07,Italy,Kyagalanyi Coffee Ltd
332,September,2019,0.4682082932562312,0.4258584376371027,0.37411036126911457,-0.07300282443603995,-0.3540271956193998,22.3,38.48,"3,675.50",1.66,1.57,1.97,362219,0.06276257066337346,310863,28956041,51356,5703018,97.74,Italy,Kyagalanyi Coffee Ltd
333,October,2019,0.4682082932562312,0.4350101046397814,0.3833693233727565,-0.06547460029974288,2.357904649664824,22.8,51.21,"3,695.84",1.66,1.57,1.97,378931,0.06276257066337346,303430,28119329,75501,5703018,97.35,Italy,Kyagalanyi Coffee Ltd
334,November,2019,0.47792081658496816,0.43580590177044914,0.38400787248335244,-0.06495541242827411,1.7770165451945619,23.1,59.21,"3,697.44",1.66,1.57,1.97,439505,0.06276257066337346,336366,30420946,103139,11845098,107.23,Italy,Kyagalanyi Coffee Ltd
335,December,2019,0.4690176702002926,0.4262563362024366,0.3747489103797106,-0.07274323050030557,2.092005753579916,22.8,52.26,"3,676.73",1.66,1.57,1.97,330248,0.06276257066337346,280603,24990250,49645,6877841,117.37,Italy,Kyagalanyi Coffee Ltd
336,January,2020,0.5426709721098815,0.4696272798238269,0.47563966985387734,-0.07793510921499319,-0.47484609465389777,23.1,55.55,"3,680.79",1.71,1.52,2.46,469951,0.5606989429141617,377182,34505452,92769,13680875,106.89,Italy,Kyagalanyi Coffee Ltd
337,February,2020,0.5426709721098815,0.35025771022366997,0.5554583086783764,-0.07793510921499319,0.826018748544003,23.9,52.42,"3,676.85",1.65,1.49,2.39,472994,0.5072832850533129,388646,34631182,84348,12098287,102.0,Italy,Kyagalanyi Coffee Ltd
338,March,2020,0.4212644305006691,0.35025771022366997,0.44371221432407776,-0.12985389636186953,2.9868468202055287,23.8,54.48,"3,772.91",1.6,1.43,2.33,477561,0.4758192674092514,385978,33085755,91583,12780705,109.05,Italy,Kyagalanyi Coffee Ltd
339,April,2020,0.3403267360945275,0.3104678536902843,0.44371221432407776,-0.12985389636186953,1.0065048133040755,23.1,63.04,"3,785.75",1.71,1.43,2.46,359973,0.14873982817912312,262676,22547121,97297,14381211,108.91,Italy,Kyagalanyi Coffee Ltd
340,May,2020,0.3403267360945275,0.35025771022366997,0.23618375338038025,-0.32454934816265574,-0.16543442433175443,22.7,58.44,"3,791.46",1.62,1.44,2.23,437579,0.35179250018440406,340830,29540631,96767,12938575,104.45,Italy,Kyagalanyi Coffee Ltd
341,June,2020,0.29985788889145676,0.2905729254235915,0.15636511455588123,-0.32974122687734336,-1.0646048172093263,22.6,42.43,"3,737.94",1.53,1.41,2.38,420373,0.2606931932847376,344430,29853085,75935,10153159,99.05,Italy,Kyagalanyi Coffee Ltd
342,July,2020,0.3403267360945275,0.3104678536902843,0.28407493667507966,-0.32454934816265574,-0.8338019234796927,22.0,35.62,"3,703.54",1.53,1.43,2.19,543251,0.6188707894886477,467160,39992533,76091,9984806,103.66,Italy,Kyagalanyi Coffee Ltd
343,August,2020,0.5022021249068106,0.3900475667570556,0.28407493667507966,-0.32454934816265574,-0.517210778139555,22.4,36.45,"3,677.53",1.48,1.39,2.13,519683,0.4827706201445675,457897,38158356,61786,7901763,114.78,Italy,Kyagalanyi Coffee Ltd
344,September,2020,0.5022021249068106,0.3900475667570556,0.28407493667507966,-0.32454934816265574,0.1308403657931387,23.0,43.74,"3,695.09",1.47,1.39,2.02,506470,0.43081840496483786,445461,37246525,61009,7388927,116.25,Italy,Kyagalanyi Coffee Ltd
345,October,2020,0.4212644305006691,0.35025771022366997,0.44371221432407776,-0.12985389636186953,0.12006017094264258,23.9,48.42,"3,719.92",1.47,1.39,2.24,428015,0.2102044207861271,371280,30966600,56735,7640268,105.85,Italy,Olam Uganda Ltd
346,November,2020,0.4212644305006691,0.3104678536902843,0.3958210310293783,-0.12985389636186953,2.730202721399771,23.1,49.6,"3,710.68",1.48,1.37,2.22,430324,0.19849687933717394,372211,30548107,58113,7738494,109.7,Italy,Ugacof (U) Ltd
347,December,2020,0.4212644305006691,0.35025771022366997,0.4117847587942781,-0.06495541242827411,-0.1603043991072748,23.4,59.13,"3,666.54",1.49,1.37,2.42,422922,0.17983798515290494,375209,30866603,47713,6918061,114.74,Italy,Ugacof (U) Ltd
348,January,2021,0.3403267360945275,0.35025771022366997,0.4117847587942781,-0.09091480600171228,0.1019117129118326,24.4,48.74,"3,691.56",1.48,1.37,2.42,446560,0.251180815857463,398160,32729296,48400,7018981,115.73,Italy,Ugacof (U) Ltd
349,February,2021,0.3403267360945275,0.35025771022366997,0.4117847587942781,-0.09091480600171228,-0.41402571758419143,24.7,57.9,"3,667.32",1.5,1.36,2.57,562763,0.647042061100191,500685,40955833,62078,9591046,119.35,Italy,Ugacof (U) Ltd
350,March,2021,0.4212644305006691,0.35025771022366997,0.44371221432407776,-0.09091480600171228,0.2561129675776835,25.2,55.76,"3,662.87",1.56,1.38,2.65,572839,0.7557026801732876,494223,41032411,78616,12491214,119.83,Itally,Ugacof (U) Ltd
351,April,2021,0.623608666516023,0.4696272798238269,0.5394945809134766,-0.06495541242827411,1.8309013491547652,24.3,61.98,"3,623.30",1.55,1.4,2.5,537538,0.6276514455753627,464544,39078310,72994,10938391,122.03,Itally,Ugacof (U) Ltd
352,May,2021,0.623608666516023,0.4895222080905198,0.8747328639763725,0.0648415554389167,0.08702022125022883,23.1,55.44,"3,552.79",1.59,1.46,2.48,494050,0.5230152938753437,429374,37523776,64676,9633094,134.78,Itally,Olam Uganda Ltd
353,June,2021,0.623608666516023,0.4895222080905198,0.8428054084465729,0.0648415554389167,-0.32392889159681515,22.7,44.29,"3,540.35",1.58,1.48,2.62,618388,0.9400964579942995,565449,50248404,52939,8313857,141.03,Itally,Ugacof (U) Ltd
354,July,2021,0.623608666516023,0.6964294620641251,0.922624047271072,0.1946385233061075,-1.2223398197471693,22.4,36.24,"3,552.31",1.66,1.59,2.97,700035,1.356080040102416,660458,63886054,39577,7046939,152.24,Italy,Ugacof (U) Ltd
355,August,2021,0.9473594441405893,0.807841060357605,1.2738260580988676,0.45423245904048914,-0.734879486720651,22.4,40.45,"3,537.04",1.79,1.71,2.54,700990,1.5448641459667851,636458,65242963,64532,9851281,160.14,Itally,Ugacof (U) Ltd
356,September,2021,0.9473594441405893,0.807841060357605,1.3536446969233666,0.45423245904048914,0.0742295200601155,22.4,43.96,"3,530.63",1.9,1.84,2.63,585576,1.2349801582398068,543279,59932844,42297,6685233,170.02,Itally,Ugacof (U) Ltd
357,October,2021,0.9473594441405893,0.8277359886242978,1.5132819745723647,0.7138263947748708,0.24540149646935924,23.7,39.03,"3,579.94",2.1,1.93,3.3,486534,1.045098470364598,426148,49469966,60386,11964762,181.57,Itally,Ugacof (U) Ltd
358,November,2021,1.0282971385467308,1.046580199557919,1.992193807519359,1.1032172983764432,-0.1318325569827585,23.4,59.72,"3,551.52",2.26,1.96,3.7,524902,1.3985198778548709,436417,51419295,88485,19669123,195.17,Itally,Ugacof (U) Ltd
359,December,2021,1.3115790689682263,1.285319338758233,2.5509242792908524,1.2979127501772294,-0.3234249174875544,23.3,57.21,"3,554.99",2.34,2.63,3.95,536889,1.5507179166912617,452588,55260077,84301,19994349,203.06,Itally,Ugacof (U) Ltd
360,January,2022,1.3115790689682263,1.5439534062252396,2.5509242792908524,1.2979127501772294,-1.061024175489734,23.2,49.74,"3,528.83",2.57,2.12,4.2,402212,1.065220807229986,315265,40069758,86947,21913631,204.29,Itally,Ideal Quality
361,February,2022,1.190172527359014,1.4444787648917754,2.391287001641854,1.038318814442848,0.4452312733642902,24.1,50.4,"3,514.51",2.68,2.17,4.51,448957,1.4380328302450878,351944,45902734,97013,26266003,210.89,Itally,Ugacof (U) Ltd
362,March,2022,1.0282971385467308,1.3648990518250042,2.072012446343858,1.038318814442848,-0.4684347085190009,24.5,59.47,"3,589.84",2.82,2.26,4.52,478023,1.7607219414318585,360229,48941601,117794,32047411,194.78,Itally,Ugacof (U) Ltd
363,April,2022,1.0282971385467308,1.3648990518250042,2.072012446343858,1.038318814442848,1.267421911843698,24.3,64.0,"3,541.46",2.9,2.26,4.29,407762,1.3897392217681557,277244,37237212,130518,33610626,198.37,Itally,Kawacom (U) Ltd
364,May,2022,0.9068905969375185,1.3251091952916185,2.072012446343858,1.038318814442848,0.4839254352557891,23.3,51.25,"3,633.07",2.67,2.25,4.09,455166,1.46876512654859,350312,47307162,104854,25707381,193.71,Itally,Ugacof (U) Ltd
365,June,2022,0.9068905969375185,1.3251091952916185,2.072012446343858,1.038318814442848,-1.4044466868030137,22.6,41.02,"3,747.38",2.63,2.29,4.41,530365,1.8631629291101988,444197,60976382,86168,22818322,202.46,Itally,Ugacof (U) Ltd
366,July,2022,0.623608666516023,1.245529482224847,2.072012446343858,1.038318814442848,-1.1985905114817843,22.3,31.08,"3,791.59",2.41,2.46,4.14,576468,1.8532846910126441,528235,71530971,48233,11990679,190.82,Itally,Ugacof (U) Ltd
367,August,2022,0.98782829134366,1.5638483344919323,2.391287001641854,1.2979127501772294,-0.14877363319031306,23.0,30.68,"3,832.45",2.37,2.2,4.05,501054,1.4007150418765497,456271,60257882,44783,10894327,200.11,Itally,Ugacof (U) Ltd
368,September,2022,0.98782829134366,1.5638483344919323,2.391287001641854,1.2979127501772294,0.6654760442573481,22.6,47.7,"3,825.33",2.36,2.23,3.8,503695,1.403276066568508,464118,62193902,39577,9030929,199.63,Itally,Ugacof (U) Ltd
369,October,2022,0.9068905969375185,1.3648990518250042,2.072012446343858,1.038318814442848,-0.4469594823573278,23.9,53.1,"3,822.27",2.45,2.23,3.94,457244,1.2525414704132363,398592,53248899,58652,13850603,178.54,Itally,Ugacof (U) Ltd
370,November,2022,0.7450152081252354,1.3052142670249256,1.752737891045862,0.7787248787084662,1.9695993361012472,23.0,67.28,"3,760.23",2.39,2.07,3.8,447162,1.1427832693293005,364875,45378404,82287,18760200,156.66,Itally,Ugacof (U) Ltd
371,December,2022,0.7854840553283061,1.2057396256914614,1.752737891045862,0.7787248787084662,1.4973836808701215,23.0,54.86,"3,690.86",2.37,2.04,3.62,418829,0.24422946312214716,331476,40551740,87353,18986350,157.19,Itally,Ugacof (U) Ltd
372,January,2023,0.5831398193129522,1.1062649843579975,1.4334633357478657,0.5191309429740846,-1.372092222750656,23.4,59.03,"3,693.61",2.27,2.0,3.62,494226,1.261687987170231,412282,49567361,81944,1783581,156.95,Itally,Ugacof (U) Ltd
373,February,2023,0.7854840553283061,1.3251091952916185,1.5931006133968637,0.6489279108412753,-0.924176474236905,24.4,53.59,"3,685.72",2.3,2.0,3.37,478646,1.2133943786932992,373559,44751116,105087,21274878,174.77,Itally,Kawacom (U) Ltd
374,March,2023,0.8259529025313769,1.4444787648917754,1.5452094301021644,0.58402942690768,1.8987316826784424,23.2,56.61,"3,744.52",2.44,2.1,3.47,365613,1.4149836080174614,365613,46099324,122184,25443744,170.03,Itally,Ugacof (U) Ltd
375,April,2023,1.1497036801559433,1.5638483344919323,1.6409917966915633,0.6619076076279945,2.1389791051165954,22.9,65.75,"3,745.82",2.68,2.2,3.52,373610,0.9924145338443089,238636,31495658,134974,38494406,178.57,Itally,Ugacof (U) Ltd
376,May,2023,1.8376740826081464,1.8423773302256319,1.0343701416253706,0.7138263947748708,-0.5336997599255666,22.5,50.7,"3,729.55",2.68,2.32,3.68,453169,1.4779116433055846,328151,45627901,125018,27631317,175.48,Itally,Ugacof (U) Ltd
377,June,2023,2.242362554638854,2.04132661289256,2.072012446343858,1.1032172983764432,-0.3096033601648623,22.1,36.97,"3,707.79",2.68,2.51,3.75,563832,2.1108506028896135,489597,73879133,74235,16683221,171.25,Itally,Ugacof (U) Ltd
378,July,2023,2.0400183186235004,1.941851971559096,1.992193807519359,0.9734203305092524,-1.319827008314303,22.0,31.32,"3,661.23",2.27,2.63,3.5,645832,2.638787550103344,586871,92589878,58961,12397949,158.88,Itally,Ugacof (U) Ltd
379,August,2023,2.0400183186235004,1.941851971559096,1.992193807519359,0.9734203305092524,-1.202089088968077,21.6,30.91,"3,689.12",2.73,2.69,3.14,743517,3.2479455661191876,689261,111414543,54256,10222891,154.53,Itally,Ugacof (U) Ltd
380,September,2023,2.0400183186235004,1.9020621150257104,1.672919252221363,0.7138263947748708,0.34981846379126336,22.6,34.08,"3,738.02",2.73,2.73,3.11,577073,2.2509752396067713,543361,88090937,33712,6294174,153.13,Itally,Ugacof (U) Ltd
381,October,2023,1.9590806242173586,1.8025874736922463,1.672919252221363,0.7138263947748708,0.6080189532285608,23.6,49.52,"3,755.63",2.73,2.72,3.36,470080,1.6849887826839431,410113,66865376,59967,12097008,151.94,Itally,Kyagalanyi Coffee Ltd
382,November,2023,1.8376740826081464,1.941851971559096,1.752737891045862,0.7787248787084662,3.4791554111136214,24.2,60.43,"3,782.03",2.77,2.62,3.36,425526,1.3835195903733999,338329,53116779,87197,17565685,161.53,Itally,Kyagalanyi Coffee Ltd
383,December,2023,2.080487165826571,2.2402758955594884,1.992193807519359,0.9734203305092524,-0.1503717970768991,24.2,54.27,"3,780.66",2.74,2.61,3.39,401336,1.2101016326607812,337026,52843493,64310,13096376,175.73,Itally,Louis Dreyfus Company
384,January,2024,2.242362554638854,2.638174460893345,2.072012446343858,1.1032172983764432,0.367607132818938,23.8,54.71,"3,805.03",2.96,2.82,3.71,481586,1.9282861284200001,403508,68167263,78078,17399152,176.41,Itally,Ugacof (U) Ltd
385,February,2024,3.0517394987002695,2.9365983848937374,2.391287001641854,1.2979127501772294,-0.11463545114750497,25.3,53.83,"3,873.59",3.17,3.07,3.75,434582,1.818162066665785,372407,68583029,62175,13981373,176.41,Itally,Olam Uganda Ltd
386,March,2024,2.9303329570910575,3.0360730262272013,2.391287001641854,1.2979127501772294,-0.6875825945860206,25.5,64.07,"3,895.78",3.27,3.13,3.67,329686,1.1661983522272068,244975,46011274,84711,18723744,176.41,Itally,Kyagalanyi (U) Ltd
387,April,2024,3.4564279707309775,3.6329208742279864,2.7903801957643495,1.6224051698452064,1.4072828123096763,24.3,64.7,"3,822.69",3.62,3.53,3.85,390977,1.900114856808457,290037,61489234,100940,23314795,176.41,Itally,Olam Uganda Ltd
388,May,2024,3.173146040309482,2.9365983848937374,2.391287001641854,1.2979127501772294,-1.1221317099997705,21.6,64.04,"3,791.40",3.83,3.8,4.05,553529,3.455022705497546,437693,107916091,79836,19384753,176.41,Itally,Ugacof (U) Ltd
389,June,2024,3.375490276324836,3.6329208742279864,2.7903801957643495,1.5575066859116111,-1.1816584636874172,22.5,68.36,"3,747.19",4.06,4.07,3.94,667037,4.737730215498474,614486,149949090,52551,12415084,176.41,Itally,Ugacof (U) Ltd
390,July,2024,3.57783451234019,3.533446232894522,2.7903801957643495,1.4277097180444203,-0.13168971940098947,22.8,62.65,"3,705.85",4.27,4.27,4.23,821593,6.498251760884802,722444,197997569,49149,12481044,176.41,Itally,Ugacof (U) Ltd
391,August,2024,3.8611164427616855,3.7323955155614503,2.7903801957643495,1.5575066859116111,-0.5251943209409609,23.0,56.56,"3,723.65",4.41,4.42,4.3,837915,6.906186408246763,785667,208138678,52248,13494978,176.41,Itally,Ugacof (U) Ltd
392,September,2024,4.265804914792393,3.8318701568949147,2.7903801957643495,1.5575066859116111,-0.6359903338132102,23.0,62.16,"3,711.31",4.53,4.53,4.53,532212,4.091986132454653,504576,137195402,27636,7512674,176.41,Itally,Olam Uganda Ltd
393,October,2024,4.063460678777039,3.7323955155614503,2.7105615569398505,1.5575066859116111,0.4097644323061588,23.1,76.18,"3,667.93",4.66,4.64,4.96,496820,3.8845431324060136,457853,127457821,38967,11589391,176.41,Itally,Ugacof (U) Ltd
394,November,2024,4.063460678777039,3.7323955155614503,2.7105615569398505,1.5575066859116111,2.712885685896805,23.3,74.96,"3,678.65",4.53,4.64,4.99,400536,2.78220493285302,342982,91662754,57554,17248140,176.41,Itally,Ugacof (U) Ltd
395,December,2024,4.063460678777039,3.7323955155614503,2.7105615569398505,1.5575066859116111,-0.5788342797256231,23.2,64.41,"3,664.08",4.64,4.55,5.33,413079,2.96952559603627,365853,99910582,47226,15115114,176.41,Itally,Ugacof (U) Ltd
396,January,2025,4.468149150807747,3.9313447982283787,2.9500174734133475,1.9468975895131835,-0.9332047526717598,24.5,58.74,"3,688.96",4.47,4.65,5.4,550341,4.52333586271452,485999,135665270,64342,20834040,310.12,Itally,Ugacof (U) Ltd
397,February,2025,5.075181858853809,4.92609121156302,3.3491106675358426,2.011796073446779,-1.5261053630163652,23.6,50.24,"3,677.71",5.03,4.83,5.06,555756,4.936026698790118,466691,135316273,89065,32358897,354.32,Itally,Ugacof (U) Ltd
